Num,Name,Inst,ObID,BJD,RVel,e_RVel,SVal,Cts
3483,10700,apf,raad.132,2456515.900586,2.00,2.065128,-1,29773.0
3484,10700,apf,raad.139,2456515.929731,1.79,2.37196,-1,28295.0
3485,10700,apf,raad.142,2456515.949038,-1.29,2.321436,-1,29051.0
3486,10700,apf,raae.132,2456516.931751,-4.02,2.307813,-1,28327.0
3487,10700,apf,raae.139,2456516.956591,-2.41,2.134227,-1,28884.0
3488,10700,apf,raag.128,2456518.86171,-1.74,2.071435,-1,26130.0
3489,10700,apf,raag.135,2456518.888274,-1.25,2.125209,-1,28735.0
3490,10700,apf,raah.130,2456525.871798,-0.14,2.218334,-1,33296.0
3491,10700,apf,raai.123,2456526.839721,-0.63,2.594533,-1,28248.0
3492,10700,apf,raaj.122,2456530.908338,2.20,2.282914,-1,28638.0
3493,10700,apf,raak.122,2456534.846502,4.29,2.250794,-1,27420.0
3494,10700,apf,raak.129,2456534.873621,2.22,2.043214,-1,28921.0
3495,10700,apf,raal.124,2456535.858492,0.73,2.32544,-1,28738.0
3496,10700,apf,raal.131,2456535.889651,2.29,2.475826,-1,29156.0
3497,10700,apf,raan.135,2456539.842839,0.24,2.188939,-1,28025.0
3498,10700,apf,raan.141,2456539.864658,-2.99,2.071147,-1,27600.0
3499,10700,apf,raan.142,2456539.865421,-2.08,2.106612,-1,27559.0
3500,10700,apf,raan.143,2456539.866185,-5.12,2.178965,-1,27668.0
3501,10700,apf,raan.144,2456539.866938,-2.42,2.029456,-1,26823.0
3502,10700,apf,raan.145,2456539.867713,-2.71,2.0621,-1,27851.0
3503,10700,apf,raan.146,2456539.868454,-2.49,2.112975,-1,27660.0
3504,10700,apf,raan.147,2456539.869206,-5.27,2.059483,-1,28374.0
3505,10700,apf,raan.148,2456539.869959,-2.51,2.086094,-1,27249.0
3506,10700,apf,raan.149,2456539.870711,-1.21,2.008965,-1,27063.0
3507,10700,apf,raan.150,2456539.871463,-3.88,2.068207,-1,27763.0
3508,10700,apf,raao.128,2456540.87567,-1.18,2.225836,-1,28634.0
3509,10700,apf,raao.134,2456540.897314,-0.88,2.156154,-1,28306.0
3510,10700,apf,raao.135,2456540.898101,-3.61,1.900709,-1,28969.0
3511,10700,apf,raao.136,2456540.898935,-4.11,2.209531,-1,29667.0
3512,10700,apf,raao.137,2456540.899791,0.74,2.057905,-1,28814.0
3513,10700,apf,raao.138,2456540.900625,0.28,2.067194,-1,29537.0
3514,10700,apf,raao.139,2456540.901423,-1.79,2.060673,-1,28729.0
3515,10700,apf,raao.140,2456540.90221,-0.31,1.980772,-1,29887.0
3516,10700,apf,raao.141,2456540.902986,-1.76,2.183973,-1,28769.0
3517,10700,apf,raao.142,2456540.90375,-2.95,2.006309,-1,28219.0
3518,10700,apf,raao.143,2456540.904502,-2.59,1.943088,-1,28223.0
3519,10700,apf,raay.172,2456573.749305,-3.04,3.065523,-1,10507.0
3520,10700,apf,raay.191,2456573.825613,1.04,2.616025,-1,11820.0
3521,10700,apf,raay.208,2456573.886563,-2.53,2.646672,-1,10868.0
3522,10700,apf,raaz.184,2456574.927109,-2.41,3.179924,-1,14714.0
3523,10700,apf,raba.212,2456577.872244,-0.32,2.972418,-1,11644.0
3524,10700,apf,rabd.236,2456582.891999,-2.30,2.149252,-1,35360.0
3525,10700,apf,rabd.237,2456582.892868,-2.08,2.240723,-1,33369.0
3526,10700,apf,rabd.238,2456582.893759,1.02,2.232527,-1,33837.0
3527,10700,apf,rabe.201,2456583.831294,-0.18,2.24672,-1,34140.0
3528,10700,apf,rabe.202,2456583.83222,0.71,2.091584,-1,36161.0
3529,10700,apf,rabe.203,2456583.833146,0.16,2.14796,-1,34562.0
3530,10700,apf,rabf.227,2456588.816108,-2.26,2.08595,-1,33840.0
3531,10700,apf,rabf.228,2456588.816941,-1.30,2.18941,-1,33450.0
3532,10700,apf,rabf.229,2456588.817786,-1.41,2.180821,-1,32684.0
3533,10700,apf,rabh.163,2456590.825821,0.98,2.182828,-1,33266.0
3534,10700,apf,rabh.164,2456590.826712,0.77,2.202343,-1,33498.0
3535,10700,apf,rabh.165,2456590.828922,1.56,2.323725,-1,33040.0
3536,10700,apf,rabi.184,2456591.815403,1.74,2.202752,-1,33525.0
3537,10700,apf,rabi.185,2456591.816202,0.67,2.264178,-1,33100.0
3538,10700,apf,rabi.186,2456591.816989,-1.53,2.157643,-1,31892.0
3539,10700,apf,rabk.175,2456597.855792,0.18,2.08636,-1,36444.0
3540,10700,apf,rabk.176,2456597.856869,-2.50,2.067773,-1,36581.0
3541,10700,apf,rabk.177,2456597.857887,-5.17,2.134947,-1,35066.0
3542,10700,apf,rabl.152,2456606.756047,5.66,2.17642,-1,34836.0
3543,10700,apf,rabl.153,2456606.75688,2.89,2.181287,-1,34483.0
3544,10700,apf,rabl.154,2456606.757725,5.98,2.079732,-1,35573.0
3545,10700,apf,rabm.202,2456607.812652,0.43,2.267802,-1,36715.0
3546,10700,apf,rabm.203,2456607.813578,1.73,2.224437,-1,35950.0
3547,10700,apf,rabm.204,2456607.814527,1.12,2.234855,-1,35783.0
3548,10700,apf,rabn.192,2456610.848958,-2.69,2.019167,-1,37909.0
3549,10700,apf,rabn.193,2456610.850266,-2.03,2.028982,-1,40514.0
3550,10700,apf,rabn.194,2456610.851609,-2.96,2.16026,-1,40790.0
3551,10700,apf,rabo.168,2456611.809949,1.81,2.214472,-1,28860.0
3552,10700,apf,rabo.169,2456611.811743,-0.38,2.232333,-1,23817.0
3553,10700,apf,rabo.170,2456611.813294,-1.87,2.18548,-1,28947.0
3554,10700,apf,rabp.120,2456614.761974,4.05,2.464755,-1,20383.0
3555,10700,apf,rabp.121,2456614.765805,0.82,2.12595,-1,32785.0
3556,10700,apf,rabp.122,2456614.768744,-2.52,2.247465,-1,32605.0
3557,10700,apf,rabq.160,2456618.781804,-1.99,1.943851,-1,52381.0
3558,10700,apf,rabq.161,2456618.784558,-0.13,1.981945,-1,51518.0
3559,10700,apf,rabq.162,2456618.787729,-2.17,1.836623,-1,59221.0
3560,10700,apf,rabr.179,2456619.758108,0.80,1.861307,-1,56495.0
3561,10700,apf,rabr.180,2456619.760724,-0.16,1.891613,-1,54169.0
3562,10700,apf,rabr.181,2456619.763363,1.21,1.856054,-1,59973.0
3563,10700,apf,rabs.180,2456622.748077,5.49,1.960332,-1,32632.0
3564,10700,apf,rabs.181,2456622.748922,3.00,2.193291,-1,33263.0
3565,10700,apf,rabs.182,2456622.749778,1.95,1.924601,-1,35317.0
3566,10700,apf,rabu.149,2456624.747108,0.31,2.172081,-1,33991.0
3567,10700,apf,rabu.150,2456624.748474,-1.90,2.125516,-1,34234.0
3568,10700,apf,rabu.151,2456624.750106,2.30,2.183997,-1,33063.0
3569,10700,apf,rabv.177,2456626.726345,1.78,2.372907,-1,36046.0
3570,10700,apf,rabv.178,2456626.727178,3.37,2.172799,-1,34368.0
3571,10700,apf,rabv.179,2456626.728035,5.22,2.174131,-1,35646.0
3572,10700,apf,rabw.162,2456628.723563,-0.85,1.955233,-1,43214.0
3573,10700,apf,rabw.163,2456628.725218,3.48,1.99494,-1,39261.0
3574,10700,apf,rabw.164,2456628.726618,2.56,2.022118,-1,39425.0
3575,10700,apf,raby.157,2456631.68641,-2.37,2.603117,-1,22463.0
3576,10700,apf,raby.158,2456631.687649,-2.64,2.829046,-1,22225.0
3577,10700,apf,raby.159,2456631.688864,-3.56,2.905407,-1,23098.0
3578,10700,apf,rabz.182,2456632.71323,2.62,2.040553,-1,37388.0
3579,10700,apf,rabz.183,2456632.714388,5.42,2.122172,-1,36298.0
3580,10700,apf,rabz.184,2456632.717593,3.39,2.115528,-1,35607.0
3581,10700,apf,racc.113,2456644.672109,-0.74,3.2797,-1,8027.0
3582,10700,apf,racc.114,2456644.675534,-0.55,3.344298,-1,8015.0
3583,10700,apf,race.164,2456648.655642,0.80,2.048552,-1,32254.0
3584,10700,apf,race.165,2456648.65666,0.45,2.080123,-1,33261.0
3585,10700,apf,race.166,2456648.657702,3.53,2.133476,-1,34336.0
3586,10700,apf,racf.162,2456662.655956,1.00,1.857674,-1,52305.0
3587,10700,apf,racf.163,2456662.657703,-1.29,1.98328,-1,36048.0
3588,10700,apf,racf.164,2456662.659046,1.57,2.089325,-1,36592.0
3589,10700,apf,racg.174,2456663.661338,-3.90,2.140078,-1,30353.0
3590,10700,apf,racg.175,2456663.662137,1.15,2.071826,-1,31772.0
3591,10700,apf,racg.176,2456663.662935,0.54,2.270997,-1,30905.0
3592,10700,apf,rack.157,2456671.723528,0.74,2.207492,-1,35603.0
3593,10700,apf,rack.158,2456671.725044,0.32,2.331569,-1,35251.0
3594,10700,apf,rack.159,2456671.726584,1.51,2.160337,-1,36022.0
3595,10700,apf,racl.192,2456674.719309,-2.42,2.257038,-1,31559.0
3596,10700,apf,racl.193,2456674.720351,-0.51,2.262564,-1,31089.0
3597,10700,apf,racl.194,2456674.721369,2.34,2.25381,-1,31386.0
3598,10700,apf,racm.160,2456675.636854,-1.54,2.159826,-1,30065.0
3599,10700,apf,racm.161,2456675.637698,-4.51,2.001308,-1,31072.0
3600,10700,apf,racm.162,2456675.638543,-3.81,1.985529,-1,29728.0
3601,10700,apf,racn.121,2456678.70586,-1.39,2.296599,-1,29167.0
3602,10700,apf,racn.122,2456678.706925,-3.73,2.169754,-1,28090.0
3603,10700,apf,racn.123,2456678.708001,-4.88,2.01328,-1,29710.0
3604,10700,apf,racp.156,2456682.616231,-3.95,2.225094,-1,31319.0
3605,10700,apf,racp.157,2456682.617331,-0.18,2.20662,-1,34001.0
3606,10700,apf,racp.158,2456682.618488,-0.78,2.28218,-1,32692.0
3607,10700,apf,racq.168,2456683.653583,0.60,2.040077,-1,31980.0
3608,10700,apf,racq.169,2456683.65474,0.02,2.313319,-1,31186.0
3609,10700,apf,racq.170,2456683.655851,-1.56,2.41844,-1,30821.0
3610,10700,apf,rafl.214,2456870.99523,-1.03,2.445381,-1,31591.0
3611,10700,apf,rafl.215,2456870.997047,-1.34,2.451011,-1,31517.0
3612,10700,apf,rafl.216,2456870.998969,0.56,2.533828,-1,31951.0
3613,10700,apf,rafr.188,2456882.996962,-2.94,2.545728,-1,17269.0
3614,10700,apf,rafr.189,2456882.997784,-1.05,2.563137,-1,17625.0
3615,10700,apf,rafr.190,2456882.998618,-2.38,2.583723,-1,17212.0
3616,10700,apf,raft.247,2456886.971244,-1.35,2.397385,-1,17996.0
3617,10700,apf,raft.248,2456886.972066,1.53,2.478293,-1,17704.0
3618,10700,apf,raft.249,2456886.972888,1.96,2.460815,-1,18032.0
3619,10700,apf,rafw.238,2456891.969123,-2.82,2.851936,-1,14489.0
3620,10700,apf,rafw.239,2456891.970014,-3.37,2.964973,-1,15392.0
3621,10700,apf,rafw.240,2456891.970917,-0.09,2.674315,-1,15088.0
3622,10700,apf,rafx.235,2456892.932843,-2.10,2.727846,-1,16567.0
3623,10700,apf,rafx.236,2456892.933677,-2.34,2.666427,-1,16342.0
3624,10700,apf,rafx.237,2456892.93451,-0.74,2.555102,-1,16884.0
3625,10700,apf,rafy.237,2456894.938991,0.87,2.719942,-1,18728.0
3626,10700,apf,rafy.238,2456894.939813,2.64,2.580221,-1,17344.0
3627,10700,apf,rafy.239,2456894.940646,-2.49,2.763438,-1,18221.0
3628,10700,apf,rafz.242,2456895.953256,-3.52,2.694883,-1,16415.0
3629,10700,apf,rafz.243,2456895.954136,0.35,2.746098,-1,17090.0
3630,10700,apf,rafz.244,2456895.954992,-0.49,2.828864,-1,15790.0
3631,10700,apf,ragb.210,2456898.959584,-1.71,2.557079,-1,13459.0
3632,10700,apf,ragb.211,2456898.960544,-0.69,2.712033,-1,14703.0
3633,10700,apf,ragb.212,2456898.961482,-1.07,2.493154,-1,15233.0
3634,10700,apf,ragd.227,2456900.977397,-0.16,2.86663,-1,10537.0
3635,10700,apf,ragd.228,2456900.978647,1.41,2.661942,-1,10784.0
3636,10700,apf,ragd.229,2456900.980059,-2.92,2.685822,-1,9699.0
3637,10700,apf,rage.225,2456903.989633,-5.77,2.236632,-1,16385.0
3638,10700,apf,rage.226,2456903.99049,2.98,2.291651,-1,17318.0
3639,10700,apf,rage.227,2456903.991346,-0.18,2.323561,-1,18825.0
3640,10700,apf,ragf.223,2456905.983614,-1.29,2.359766,-1,17498.0
3641,10700,apf,ragf.224,2456905.984482,-6.13,2.39401,-1,16815.0
3642,10700,apf,ragf.225,2456905.985362,-4.93,2.377338,-1,16872.0
3643,10700,apf,ragg.245,2456906.975561,0.60,2.433863,-1,16129.0
3644,10700,apf,ragg.246,2456906.976453,-4.30,2.472849,-1,16038.0
3645,10700,apf,ragg.247,2456906.977344,-4.81,2.290527,-1,16610.0
3646,10700,apf,ragh.223,2456908.953955,-0.47,2.530024,-1,18362.0
3647,10700,apf,ragh.224,2456908.9548,1.58,2.520848,-1,17879.0
3648,10700,apf,ragh.225,2456908.955645,-2.02,2.447019,-1,19128.0
3649,10700,apf,ragj.213,2456913.919298,-1.56,2.795099,-1,14793.0
3650,10700,apf,ragj.214,2456913.920235,-5.36,3.073438,-1,14572.0
3651,10700,apf,ragj.215,2456913.921173,-2.86,2.664935,-1,15357.0
3652,10700,apf,ragk.213,2456915.948798,-5.41,3.056699,-1,16138.0
3653,10700,apf,ragk.214,2456915.949712,-11.30,3.29053,-1,14255.0
3654,10700,apf,ragk.215,2456915.950626,-6.92,2.954692,-1,16305.0
3655,10700,apf,ragl.229,2456917.943152,-3.31,2.865205,-1,16457.0
3656,10700,apf,ragl.230,2456917.944043,-2.71,2.90693,-1,17201.0
3657,10700,apf,ragl.231,2456917.944934,-7.02,2.703184,-1,16696.0
3658,10700,apf,rago.207,2456924.92999,1.04,2.650936,-1,15502.0
3659,10700,apf,rago.208,2456924.930904,1.21,2.750953,-1,15443.0
3660,10700,apf,rago.209,2456924.931819,0.89,2.682634,-1,15529.0
3661,10700,apf,ragr.175,2456933.867429,6.02,2.569471,-1,15900.0
3662,10700,apf,ragr.176,2456933.868343,-5.17,2.708112,-1,14498.0
3663,10700,apf,ragr.177,2456933.869258,3.78,2.388643,-1,16116.0
3664,10700,apf,rags.198,2456935.848455,-2.00,2.747801,-1,13765.0
3665,10700,apf,rags.199,2456935.849392,-3.63,2.550231,-1,14797.0
3666,10700,apf,rags.200,2456935.85033,0.03,2.661036,-1,13266.0
3667,10700,apf,ragt.184,2456937.831534,-2.78,2.512783,-1,14544.0
3668,10700,apf,ragt.185,2456937.832483,-2.54,2.447099,-1,13169.0
3669,10700,apf,ragt.186,2456937.83349,-5.28,2.778765,-1,11908.0
3670,10700,apf,ragv.135,2456941.893231,-3.62,2.594621,-1,14714.0
3671,10700,apf,ragv.136,2456941.894169,1.31,2.5503,-1,14453.0
3672,10700,apf,ragv.137,2456941.895095,-1.75,2.574024,-1,14651.0
3673,10700,apf,ragx.206,2456949.807824,0.46,2.705629,-1,14920.0
3674,10700,apf,ragx.207,2456949.80875,-0.25,2.577979,-1,15244.0
3675,10700,apf,ragx.208,2456949.809687,3.50,2.540198,-1,15029.0
3676,10700,apf,ragz.204,2456967.753686,0.91,2.691421,-1,14978.0
3677,10700,apf,ragz.205,2456967.754612,1.27,2.550252,-1,15232.0
3678,10700,apf,ragz.206,2456967.755527,2.50,2.500351,-1,15010.0
3679,10700,apf,ragz.207,2456967.756453,-2.67,2.524744,-1,14918.0
3680,10700,apf,ragz.208,2456967.757355,-3.32,2.625579,-1,16525.0
3681,10700,apf,ragz.209,2456967.758246,4.26,2.713829,-1,15545.0
3682,10700,apf,ragz.210,2456967.759138,1.91,2.529363,-1,16059.0
3683,10700,apf,ragz.211,2456967.760029,-0.46,2.711929,-1,16482.0
3684,10700,apf,ragz.212,2456967.76092,0.47,2.603213,-1,16077.0
3685,10700,apf,ragz.213,2456967.761811,-0.67,2.565489,-1,16192.0
3686,10700,apf,ragz.214,2456967.762702,4.72,2.452815,-1,15899.0
3687,10700,apf,ragz.215,2456967.763582,-0.48,2.460986,-1,17117.0
3688,10700,apf,ragz.225,2456967.853092,-5.30,2.559973,-1,11945.0
3689,10700,apf,ragz.226,2456967.854145,1.72,2.993585,-1,9488.0
3690,10700,apf,ragz.227,2456967.855187,2.76,2.782363,-1,11791.0
3691,10700,apf,ragz.228,2456967.856182,-0.38,2.530932,-1,13434.0
3692,10700,apf,ragz.229,2456967.857154,-1.10,2.727115,-1,13952.0
3693,10700,apf,ragz.230,2456967.858103,-0.41,2.699324,-1,13751.0
3694,10700,apf,ragz.231,2456967.859064,-1.13,2.702708,-1,12188.0
3695,10700,apf,ragz.232,2456967.860059,4.31,2.726771,-1,12757.0
3696,10700,apf,ragz.233,2456967.861043,-0.95,2.628734,-1,14575.0
3697,10700,apf,ragz.234,2456967.862004,1.53,2.786028,-1,13116.0
3698,10700,apf,ragz.235,2456967.862941,2.60,2.515079,-1,14137.0
3699,10700,apf,ragz.236,2456967.863902,-1.78,2.476402,-1,13375.0
3700,10700,apf,raha.154,2456970.777863,-1.15,2.826191,-1,16211.0
3701,10700,apf,raha.155,2456970.778765,-3.00,2.767815,-1,15845.0
3702,10700,apf,raha.156,2456970.779668,-1.29,2.473283,-1,15671.0
3703,10700,apf,rahb.140,2456972.765664,3.58,2.405489,-1,17880.0
3704,10700,apf,rahb.141,2456972.766521,-1.02,2.402331,-1,18382.0
3705,10700,apf,rahb.142,2456972.767377,-0.58,2.423181,-1,17711.0
3706,10700,apf,rahg.202,2456985.71833,0.28,2.79956,-1,10944.0
3707,10700,apf,rahg.203,2456985.71951,1.13,2.63983,-1,11141.0
3708,10700,apf,rahg.204,2456985.720587,-1.13,2.632397,-1,11176.0
3709,10700,apf,rahn.187,2457015.610307,-0.66,2.596383,-1,12381.0
3710,10700,apf,rahn.188,2457015.611291,-2.22,2.725685,-1,12324.0
3711,10700,apf,rahn.189,2457015.61224,-1.08,2.706745,-1,12548.0
3712,10700,apf,raho.179,2457026.639799,2.03,2.527741,-1,13530.0
3713,10700,apf,raho.180,2457026.640725,-4.20,2.694962,-1,13094.0
3714,10700,apf,raho.181,2457026.641662,0.33,2.663606,-1,14153.0
3715,10700,apf,rahr.116,2457034.654019,2.34,2.498076,-1,13570.0
3716,10700,apf,rahr.117,2457034.654968,0.96,2.582897,-1,13492.0
3717,10700,apf,rahr.118,2457034.655952,1.90,2.883911,-1,12260.0
3718,10700,apf,rahv.203,2457042.653639,-4.91,2.470517,-1,12203.0
3719,10700,apf,rahv.204,2457042.654623,-2.13,2.769894,-1,11651.0
3720,10700,apf,rahv.205,2457042.65563,3.79,3.062521,-1,9808.0
3721,10700,apf,rahw.189,2457044.647963,-1.50,2.614886,-1,10228.0
3722,10700,apf,rahw.190,2457044.649167,2.82,2.731286,-1,10120.0
3723,10700,apf,rahw.191,2457044.650359,0.38,2.93868,-1,10667.0
3724,10700,apf,rahy.195,2457047.626507,0.20,2.718806,-1,11982.0
3725,10700,apf,rahy.196,2457047.627491,2.83,2.786083,-1,11775.0
3726,10700,apf,rahy.197,2457047.628486,1.68,2.659414,-1,12078.0
3727,10700,apf,rahz.182,2457049.618208,-2.01,3.584822,-1,5580.0
3728,10700,apf,raib.183,2457052.661338,-4.22,2.530834,-1,13941.0
3729,10700,apf,raib.184,2457052.662252,-2.31,2.698506,-1,13785.0
3730,10700,apf,raib.185,2457052.663178,-0.41,2.615988,-1,13082.0
3731,10700,apf,raie.183,2457058.599154,-6.30,2.568216,-1,10792.0
3732,10700,apf,raie.184,2457058.600184,1.89,2.880456,-1,10736.0
3733,10700,apf,raie.185,2457058.601237,0.30,2.785001,-1,11086.0
3734,10700,apf,raki.223,2457217.986027,1.27,2.475269,-1,19500.0
3735,10700,apf,raki.224,2457217.986837,0.09,2.42328,-1,19313.0
3736,10700,apf,raki.225,2457217.987636,-1.92,2.672967,-1,18917.0
3737,10700,apf,rakj.319,2457219.003999,5.16,2.327638,-1,19871.0
3738,10700,apf,rakj.320,2457219.004798,-0.17,2.555202,-1,18851.0
3739,10700,apf,rakj.321,2457219.00562,-1.32,2.16816,-1,16611.0
3740,10700,apf,rakl.307,2457221.987734,1.01,2.546477,-1,18651.0
3741,10700,apf,rakl.308,2457221.988556,-1.80,2.471617,-1,18598.0
3742,10700,apf,rakl.309,2457221.989367,-0.63,2.615584,-1,19735.0
3743,10700,apf,rakm.224,2457222.962762,-2.52,3.105751,-1,15690.0
3744,10700,apf,rakm.225,2457222.96363,1.01,3.016538,-1,14930.0
3745,10700,apf,rakm.226,2457222.964498,0.88,2.8696,-1,15386.0
3746,10700,apf,rakp.288,2457227.936691,-2.43,2.463433,-1,18355.0
3747,10700,apf,rakp.289,2457227.937501,-1.87,2.354309,-1,18919.0
3748,10700,apf,rakp.290,2457227.9383,-0.37,2.565708,-1,18060.0
3749,10700,apf,rakq.311,2457229.968127,-2.81,2.704045,-1,17696.0
3750,10700,apf,rakq.312,2457229.96896,-0.93,2.513759,-1,17334.0
3751,10700,apf,rakq.313,2457229.969805,-0.52,2.641041,-1,16605.0
3752,10700,apf,rakr.292,2457232.941875,-0.08,2.61029,-1,16689.0
3753,10700,apf,rakr.293,2457232.94272,-0.74,2.604221,-1,17820.0
3754,10700,apf,rakr.294,2457232.943565,-2.68,2.498918,-1,16953.0
3755,10700,apf,raks.290,2457233.930951,-0.16,2.973363,-1,17059.0
3756,10700,apf,raks.291,2457233.931796,0.57,2.704043,-1,17026.0
3757,10700,apf,raks.292,2457233.932641,1.84,2.906211,-1,17871.0
3758,10700,apf,rakt.312,2457235.986342,-1.25,2.756731,-1,19688.0
3759,10700,apf,rakt.313,2457235.98714,-3.06,2.831055,-1,20269.0
3760,10700,apf,rakt.314,2457235.987928,0.12,2.738161,-1,18899.0
3761,10700,apf,raku.304,2457238.944142,-0.80,2.456194,-1,20320.0
3762,10700,apf,raku.305,2457238.944917,2.00,2.479813,-1,21110.0
3763,10700,apf,raku.306,2457238.945693,-2.66,2.657749,-1,21744.0
3764,10700,apf,rakw.209,2457243.962897,2.31,2.490471,-1,17721.0
3765,10700,apf,rakw.210,2457243.963707,-1.91,2.489159,-1,17549.0
3766,10700,apf,rakw.211,2457243.964529,-2.15,2.349577,-1,17591.0
3767,10700,apf,rakx.294,2457246.002209,0.49,2.397752,-1,19648.0
3768,10700,apf,rakx.295,2457246.002892,-1.79,2.460514,-1,16952.0
3769,10700,apf,rakx.296,2457246.00361,2.29,2.696972,-1,16532.0
3770,10700,apf,raky.315,2457248.026089,-0.99,2.427129,-1,20624.0
3771,10700,apf,raky.316,2457248.02676,-2.31,2.306514,-1,19897.0
3772,10700,apf,raky.317,2457248.027431,-5.41,2.33999,-1,19550.0
3773,10700,apf,ralc.243,2457256.987359,-4.12,2.830057,-1,16163.0
3774,10700,apf,ralc.244,2457256.988054,-7.54,2.698049,-1,18929.0
3775,10700,apf,ralc.245,2457256.98876,-1.31,3.05922,-1,17156.0
3776,10700,apf,rald.319,2457259.016369,0.82,2.678144,-1,19769.0
3777,10700,apf,rald.320,2457259.017041,4.84,2.566393,-1,19794.0
3778,10700,apf,rald.321,2457259.017735,4.26,2.534508,-1,23172.0
3779,10700,apf,rale.323,2457260.985939,0.22,2.689344,-1,19391.0
3780,10700,apf,rale.324,2457260.986633,1.38,2.929693,-1,18252.0
3781,10700,apf,rale.325,2457260.987328,0.55,2.98465,-1,19889.0
3782,10700,apf,ralf.284,2457262.995356,-3.77,3.04693,-1,15491.0
3783,10700,apf,ralf.285,2457262.996258,1.98,2.916806,-1,14657.0
3784,10700,apf,ralf.286,2457262.997138,-0.73,2.693296,-1,15247.0
3785,10700,apf,ralg.301,2457265.974697,-0.39,2.170024,-1,19773.0
3786,10700,apf,ralg.302,2457265.975495,-2.31,2.277336,-1,19987.0
3787,10700,apf,ralg.303,2457265.976305,-2.49,2.364295,-1,19761.0
3788,10700,apf,ralh.286,2457268.013988,-0.32,2.354742,-1,18881.0
3789,10700,apf,ralh.287,2457268.014798,4.77,2.315273,-1,17781.0
3790,10700,apf,ralh.288,2457268.015597,-1.03,2.452635,-1,18584.0
3791,10700,apf,rali.285,2457269.967217,-3.52,2.333316,-1,16600.0
3792,10700,apf,rali.286,2457269.967923,-0.68,2.294971,-1,15749.0
3793,10700,apf,rali.287,2457269.968629,-2.87,2.514857,-1,16796.0
3794,10700,apf,ralj.271,2457271.945176,-3.29,2.266731,-1,17505.0
3795,10700,apf,ralj.272,2457271.945987,-4.90,2.331712,-1,17202.0
3796,10700,apf,ralj.273,2457271.946808,-3.07,2.511431,-1,16349.0
3797,10700,apf,ralk.283,2457274.936627,0.47,2.474479,-1,19179.0
3798,10700,apf,ralk.284,2457274.937426,-7.33,2.454212,-1,20386.0
3799,10700,apf,ralk.285,2457274.938224,-7.60,2.454452,-1,20236.0
3800,10700,apf,ralp.262,2457283.93166,-0.89,2.990394,-1,12947.0
3801,10700,apf,ralp.263,2457283.932598,-1.93,2.891763,-1,12992.0
3802,10700,apf,ralp.264,2457283.933535,-6.65,2.704386,-1,13382.0
3803,10700,apf,ralq.276,2457286.927009,-8.56,2.533435,-1,20142.0
3804,10700,apf,ralq.277,2457286.927784,-4.01,2.775046,-1,18867.0
3805,10700,apf,ralq.278,2457286.92856,-5.60,2.774933,-1,19200.0
3806,10700,apf,ralr.232,2457290.921697,-3.51,2.634804,-1,20296.0
3807,10700,apf,ralr.233,2457290.922461,-1.20,2.508957,-1,21212.0
3808,10700,apf,ralr.234,2457290.923237,-1.42,2.599871,-1,20962.0
3809,10700,apf,ralx.245,2457305.836137,-1.01,2.344043,-1,21127.0
3810,10700,apf,ralx.246,2457305.836889,-1.90,2.388161,-1,20215.0
3811,10700,apf,ralx.247,2457305.837653,0.20,2.452001,-1,20513.0
3812,10700,apf,raly.250,2457308.843249,-9.35,2.772957,-1,16787.0
3813,10700,apf,raly.251,2457308.843955,-0.24,2.601561,-1,17763.0
3814,10700,apf,raly.252,2457308.844673,-5.40,2.63008,-1,17653.0
3815,10700,apf,ramc.225,2457318.769128,-2.84,2.351367,-1,20255.0
3816,10700,apf,ramc.226,2457318.769926,0.53,2.650839,-1,16616.0
3817,10700,apf,ramc.227,2457318.77076,0.15,2.515207,-1,19228.0
3818,10700,apf,ramd.229,2457321.770845,-1.75,2.491857,-1,13428.0
3819,10700,apf,ramd.230,2457321.771771,0.63,2.5371,-1,14845.0
3820,10700,apf,ramd.231,2457321.772673,-0.50,2.557536,-1,15568.0
3821,10700,apf,ramf.242,2457325.793305,-0.30,2.397187,-1,16927.0
3822,10700,apf,ramf.243,2457325.794162,-0.52,2.584984,-1,19295.0
3823,10700,apf,ramf.244,2457325.794972,-3.20,2.497702,-1,20563.0
3824,10700,apf,rami.240,2457332.763025,3.47,2.551779,-1,15759.0
3825,10700,apf,rami.241,2457332.763824,-3.33,2.771698,-1,14093.0
3826,10700,apf,rami.242,2457332.764611,2.92,2.792915,-1,15320.0
3827,10700,apf,rami.245,2457332.770154,1.97,2.476345,-1,18906.0
3828,10700,apf,rami.246,2457332.770988,-2.84,2.574878,-1,18398.0
3829,10700,apf,rami.247,2457332.771798,-4.17,2.3638,-1,18922.0
3830,10700,apf,ramj.245,2457334.750083,-5.14,2.455693,-1,18535.0
3831,10700,apf,ramj.246,2457334.750766,5.24,2.482746,-1,17980.0
3832,10700,apf,ramj.247,2457334.751449,3.16,2.432207,-1,18818.0
3833,10700,apf,raml.194,2457337.696466,2.43,2.981631,-1,9658.0
3834,10700,apf,raml.195,2457337.697346,-2.54,2.786674,-1,11648.0
3835,10700,apf,raml.196,2457337.698214,-0.84,2.663,-1,10308.0
3836,10700,apf,raml.200,2457337.745596,-0.75,2.491708,-1,13521.0
3837,10700,apf,raml.201,2457337.746418,-1.81,2.624201,-1,12650.0
3838,10700,apf,raml.202,2457337.747263,-6.20,2.609017,-1,12062.0
3839,10700,apf,ramm.238,2457340.731849,2.38,2.48652,-1,18247.0
3840,10700,apf,ramm.239,2457340.732544,0.83,2.358926,-1,20498.0
3841,10700,apf,ramm.240,2457340.733238,-1.16,2.489459,-1,19803.0
3842,10700,apf,ramp.211,2457347.696936,-3.55,2.397898,-1,20061.0
3843,10700,apf,ramp.212,2457347.698382,-0.33,2.402888,-1,22549.0
3844,10700,apf,ramp.213,2457347.699875,-1.89,2.362716,-1,22697.0
3845,10700,apf,ramq.229,2457348.732197,4.51,2.453573,-1,18189.0
3846,10700,apf,ramq.230,2457348.733053,6.30,2.532789,-1,17138.0
3847,10700,apf,ramq.231,2457348.733944,1.24,2.65246,-1,13125.0
3848,10700,apf,ramr.195,2457350.649288,-2.84,3.958324,-1,4435.0
3849,10700,apf,ramr.196,2457350.650248,0.57,2.617978,-1,13033.0
3850,10700,apf,ramr.197,2457350.65107,-1.27,2.590405,-1,13772.0
3851,10700,apf,ramr.207,2457350.71212,0.20,2.42404,-1,20218.0
3852,10700,apf,ramr.208,2457350.712907,2.41,2.277809,-1,19610.0
3853,10700,apf,ramr.209,2457350.713693,3.80,2.612611,-1,19206.0
3854,10700,apf,ramu.201,2457354.663318,-4.91,2.79618,-1,11009.0
3855,10700,apf,ramu.202,2457354.664209,-3.22,2.928806,-1,11202.0
3856,10700,apf,ramu.203,2457354.6651,4.56,2.819207,-1,11140.0
3857,10700,apf,ramx.170,2457361.68359,-0.38,2.692612,-1,13338.0
3858,10700,apf,ramx.171,2457361.684424,0.18,2.79772,-1,10737.0
3859,10700,apf,ramx.172,2457361.685257,-4.82,2.671669,-1,12004.0
3860,10700,apf,ramz.205,2457364.690189,-3.18,2.314601,-1,18797.0
3861,10700,apf,ramz.206,2457364.690988,-4.93,2.591682,-1,19308.0
3862,10700,apf,ramz.207,2457364.691763,-1.22,2.199001,-1,18810.0
3863,10700,apf,rana.199,2457365.684185,3.89,2.574694,-1,12631.0
3864,10700,apf,rana.200,2457365.685158,-2.43,2.756065,-1,11724.0
3865,10700,apf,rana.201,2457365.686141,-7.27,2.715828,-1,12139.0
3866,10700,apf,rann.179,2457407.71022,1.47,3.274282,-1,7273.0
3867,10700,apf,rann.180,2457407.712187,-2.02,2.931431,-1,8865.0
3868,10700,apf,rann.181,2457407.71412,-4.71,3.075176,-1,8276.0
3869,10700,apf,ranr.214,2457415.659309,-1.54,2.338191,-1,16734.0
3870,10700,apf,ranr.215,2457415.660027,2.75,2.435542,-1,15495.0
3871,10700,apf,ranr.216,2457415.660721,-5.48,2.614262,-1,16529.0
3872,10700,apf,ranu.215,2457424.653695,-2.33,2.441438,-1,17074.0
3873,10700,apf,ranu.216,2457424.654494,2.46,2.634738,-1,16711.0
3874,10700,apf,ranu.217,2457424.655327,0.25,2.496544,-1,16067.0
3875,10700,apf,ranv.207,2457426.625714,-2.68,2.807046,-1,12212.0
3876,10700,apf,ranv.208,2457426.626559,-0.05,2.679261,-1,13041.0
3877,10700,apf,ranv.209,2457426.627392,-1.45,2.601282,-1,12639.0
3878,10700,apf,ranw.204,2457427.621828,-0.96,3.006151,-1,7767.0
3879,10700,apf,ranw.205,2457427.622638,-2.43,2.889128,-1,10822.0
3880,10700,apf,ranw.206,2457427.623459,-0.49,3.798245,-1,4529.0
3881,10700,apf,raod.189,2457443.609195,-4.89,2.524799,-1,15503.0
3882,10700,apf,raod.190,2457443.61004,0.77,2.503071,-1,15353.0
3883,10700,apf,raod.191,2457443.610885,0.38,2.551129,-1,14780.0
3884,10700,apf,raqy.272,2457581.981946,0.08,2.342868,-1,18169.0
3885,10700,apf,raqy.273,2457581.982918,-0.63,2.579036,-1,16061.0
3886,10700,apf,raqy.274,2457581.983856,-1.50,2.560048,-1,18880.0
3887,10700,apf,raqz.148,2457583.002001,1.63,2.599459,-1,16347.0
3888,10700,apf,raqz.149,2457583.002985,2.09,2.452876,-1,16452.0
3889,10700,apf,raqz.150,2457583.003946,0.23,2.515979,-1,17594.0
3890,10700,apf,rara.263,2457584.998301,-1.06,2.339568,-1,20929.0
3891,10700,apf,rara.264,2457584.999192,-1.20,2.232672,-1,20568.0
3892,10700,apf,rara.265,2457585.000048,0.56,2.328813,-1,20322.0
3893,10700,apf,rarl.254,2457603.987007,-0.47,2.358298,-1,18980.0
3894,10700,apf,rarl.255,2457603.987852,-5.26,2.349709,-1,19662.0
3895,10700,apf,rarl.256,2457603.988708,-3.02,2.487728,-1,19146.0
3896,10700,apf,rarm.253,2457605.954295,-0.98,2.892678,-1,8809.0
3897,10700,apf,rarm.254,2457605.955024,-5.21,2.920821,-1,9476.0
3898,10700,apf,rarm.255,2457605.955753,-1.41,3.180424,-1,8808.0
3899,10700,apf,raro.266,2457608.979175,-3.44,2.517774,-1,19185.0
3900,10700,apf,raro.267,2457608.98002,0.01,2.277944,-1,19300.0
3901,10700,apf,raro.268,2457608.980865,-3.36,2.37778,-1,20567.0
3902,10700,apf,rarr.228,2457613.981037,-0.86,2.547807,-1,18850.0
3903,10700,apf,rarr.229,2457613.981939,-6.76,2.531423,-1,17715.0
3904,10700,apf,rarr.230,2457613.982854,-2.86,2.439739,-1,20203.0
3905,10700,apf,rart.280,2457615.014191,1.64,2.521621,-1,16996.0
3906,10700,apf,rart.281,2457615.015129,1.40,2.558067,-1,17647.0
3907,10700,apf,rart.282,2457615.01609,-0.55,2.677103,-1,16818.0
3908,10700,apf,raru.370,2457617.030911,-2.61,2.452052,-1,19401.0
3909,10700,apf,rarv.246,2457617.999151,-0.52,2.747164,-1,16810.0
3910,10700,apf,rarv.248,2457618.001131,-0.04,2.561708,-1,16873.0
3911,10700,apf,rary.205,2457621.968475,-1.77,3.005744,-1,17947.0
3912,10700,apf,rary.206,2457621.969354,-5.04,2.624042,-1,18050.0
3913,10700,apf,rary.207,2457621.970246,-5.80,2.801244,-1,18021.0
3914,10700,apf,rarz.358,2457625.977658,-6.60,2.565479,-1,20421.0
3915,10700,apf,rarz.359,2457625.978503,-1.59,2.539598,-1,18875.0
3916,10700,apf,rarz.360,2457625.979348,-3.09,2.671741,-1,19765.0
3917,10700,apf,rasa.240,2457627.981358,-1.10,2.816468,-1,16472.0
3918,10700,apf,rasa.241,2457627.982272,-3.24,2.825116,-1,15925.0
3919,10700,apf,rasa.242,2457627.98321,0.15,2.510819,-1,16743.0
3920,10700,apf,rasc.229,2457629.970677,1.14,2.568488,-1,15470.0
3921,10700,apf,rasc.230,2457629.971719,-0.03,2.564004,-1,15153.0
3922,10700,apf,rasc.231,2457629.972772,1.29,2.640517,-1,14761.0
3923,10700,apf,rase.266,2457632.985269,-4.14,2.265355,-1,17311.0
3924,10700,apf,rase.267,2457632.986021,1.28,2.395581,-1,16919.0
3925,10700,apf,rase.268,2457632.986785,-2.24,2.2328,-1,17202.0
3926,10700,apf,rask.258,2457641.930478,-7.43,2.657409,-1,19580.0
3927,10700,apf,rask.259,2457641.931357,-2.66,2.918207,-1,18810.0
3928,10700,apf,rask.260,2457641.932272,-3.36,2.80651,-1,18580.0
3929,10700,apf,rasn.247,2457647.982429,-3.96,2.567921,-1,19410.0
3930,10700,apf,rasn.248,2457647.983332,-5.77,2.618653,-1,17796.0
3931,10700,apf,rasn.249,2457647.984269,-3.12,2.656316,-1,17500.0
3932,10700,apf,raso.234,2457648.90679,-1.30,2.593193,-1,18133.0
3933,10700,apf,raso.235,2457648.90775,-1.19,2.435837,-1,17615.0
3934,10700,apf,raso.236,2457648.908711,-1.79,2.627907,-1,18259.0
3935,10700,apf,rasp.242,2457649.90217,1.58,2.748163,-1,18408.0
3936,10700,apf,rasp.243,2457649.903073,-5.07,2.713335,-1,19241.0
3937,10700,apf,rasp.244,2457649.903975,0.89,2.390581,-1,20456.0
3938,10700,apf,rasq.237,2457668.858863,-1.19,2.395596,-1,18508.0
3939,10700,apf,rasq.238,2457668.859604,-7.83,2.588868,-1,18567.0
3940,10700,apf,rasq.239,2457668.860344,2.69,2.428188,-1,17841.0
3941,10700,apf,rasr.241,2457669.846273,-2.71,2.511107,-1,19864.0
3942,10700,apf,rasr.242,2457669.846979,0.72,2.462703,-1,21064.0
3943,10700,apf,rasr.243,2457669.847697,-0.38,2.331516,-1,20805.0
3944,10700,apf,rass.280,2457670.81668,-4.37,2.566032,-1,16851.0
3945,10700,apf,rass.281,2457670.817398,-6.47,2.56606,-1,20707.0
3946,10700,apf,rass.282,2457670.818127,-3.04,2.481629,-1,19515.0
3947,10700,apf,rast.221,2457674.794647,-6.83,2.311508,-1,25102.0
3948,10700,apf,rast.222,2457674.795434,-10.00,2.476564,-1,24665.0
3949,10700,apf,rast.223,2457674.796232,-5.63,2.403124,-1,25954.0
3950,10700,apf,rasz.219,2457682.783861,0.72,2.368933,-1,24489.0
3951,10700,apf,rasz.220,2457682.784671,-0.47,2.447754,-1,24464.0
3952,10700,apf,rasz.221,2457682.785459,-3.97,2.361031,-1,25175.0
3953,10700,apf,rata.226,2457684.838972,-6.18,2.808649,-1,15016.0
3954,10700,apf,rata.227,2457684.840026,-1.36,2.595555,-1,16489.0
3955,10700,apf,rata.228,2457684.840986,-4.16,2.528697,-1,19246.0
3956,10700,apf,ratc.216,2457687.77813,2.17,2.429475,-1,21270.0
3957,10700,apf,ratc.217,2457687.778836,-0.50,2.562246,-1,21964.0
3958,10700,apf,ratc.218,2457687.779542,2.98,2.663859,-1,21675.0
3959,10700,apf,ratg.123,2457694.711738,-3.25,2.321994,-1,24555.0
3960,10700,apf,ratg.124,2457694.712537,-2.82,2.335483,-1,23242.0
3961,10700,apf,ratg.125,2457694.71337,-3.85,2.09917,-1,21363.0
3962,10700,apf,rath.225,2457696.799508,-2.93,2.265734,-1,25867.0
3963,10700,apf,rath.226,2457696.800272,-1.51,2.328446,-1,26013.0
3964,10700,apf,rath.227,2457696.801059,-4.24,2.195508,-1,25792.0
3965,10700,apf,rati.232,2457698.797553,-2.75,2.25435,-1,23301.0
3966,10700,apf,rati.233,2457698.798363,-1.63,2.380047,-1,23590.0
3967,10700,apf,rati.234,2457698.799185,-8.42,2.394813,-1,22904.0
3968,10700,apf,ratk.200,2457700.770478,-3.38,2.493667,-1,17085.0
3969,10700,apf,ratk.201,2457700.771265,-3.82,2.54972,-1,16389.0
3970,10700,apf,ratk.202,2457700.77204,-3.14,2.665346,-1,15473.0
3971,10700,apf,ratm.230,2457702.763165,-1.96,2.575291,-1,22487.0
3972,10700,apf,ratm.231,2457702.763859,-2.03,2.51754,-1,21120.0
3973,10700,apf,ratm.232,2457702.764577,-0.20,2.390919,-1,22254.0
3974,10700,apf,ratn.211,2457703.747215,-3.19,2.426163,-1,15736.0
3975,10700,apf,ratn.212,2457703.748257,-3.61,2.748216,-1,14251.0
3976,10700,apf,ratn.213,2457703.749252,-5.24,2.743145,-1,18498.0
3977,10700,apf,rato.231,2457705.737568,-1.27,2.336169,-1,26463.0
3978,10700,apf,rato.232,2457705.738332,0.63,2.251684,-1,27210.0
3979,10700,apf,rato.233,2457705.739084,-0.19,2.324058,-1,27044.0
3980,10700,apf,ratp.227,2457707.708461,-2.79,2.377561,-1,20336.0
3981,10700,apf,ratp.228,2457707.709167,0.03,2.431585,-1,21188.0
3982,10700,apf,ratp.229,2457707.709873,3.27,2.271378,-1,24296.0
3983,10700,apf,ratr.236,2457711.710841,-3.33,2.217264,-1,25970.0
3984,10700,apf,ratr.237,2457711.711604,-0.05,2.221121,-1,25621.0
3985,10700,apf,ratr.238,2457711.712368,-3.47,2.267397,-1,26046.0
3986,10700,apf,ratu.233,2457717.719738,-1.89,2.337237,-1,22341.0
3987,10700,apf,ratu.234,2457717.720583,1.87,2.218517,-1,22513.0
3988,10700,apf,ratu.235,2457717.721416,-2.81,2.248314,-1,22367.0
3989,10700,apf,ratx.228,2457722.726757,-0.29,2.459661,-1,17395.0
3990,10700,apf,ratx.229,2457722.727775,-1.81,2.411803,-1,16569.0
3991,10700,apf,ratx.230,2457722.72877,0.42,2.297158,-1,19877.0
3992,10700,apf,raua.204,2457727.678337,1.19,2.94992,-1,10157.0
3993,10700,apf,raua.205,2457727.679055,3.69,2.936114,-1,9046.0
3994,10700,apf,raua.206,2457727.679773,0.34,2.963582,-1,9910.0
3995,10700,apf,raug.247,2457741.726524,-4.15,2.570792,-1,16564.0
3996,10700,apf,raug.248,2457741.727461,-1.42,2.375169,-1,19268.0
3997,10700,apf,raug.249,2457741.72841,-3.40,2.282188,-1,17858.0
3998,10700,apf,rauh.237,2457743.73054,2.58,2.551706,-1,18796.0
3999,10700,apf,rauh.238,2457743.731512,1.66,2.49076,-1,17421.0
4000,10700,apf,rauh.239,2457743.732508,0.32,2.560266,-1,14889.0
4001,10700,apf,rauj.183,2457745.622944,0.00,3.139356,-1,9164.0
4002,10700,apf,rauj.184,2457745.623638,5.61,2.854074,-1,9779.0
4003,10700,apf,rauj.185,2457745.624344,-6.59,3.002956,-1,9327.0
4004,10700,apf,rauk.205,2457749.641649,-5.98,2.838476,-1,10411.0
4005,10700,apf,rauk.206,2457749.642343,-5.65,2.759333,-1,9745.0
4006,10700,apf,rauk.207,2457749.643049,2.64,2.81518,-1,10116.0
4007,10700,apf,rauk.217,2457749.700614,3.76,2.449445,-1,20983.0
4008,10700,apf,rauk.218,2457749.701493,-0.85,2.350581,-1,21046.0
4009,10700,apf,rauk.219,2457749.702361,-1.92,2.174381,-1,21642.0
4010,10700,apf,raul.213,2457751.63493,-3.53,2.281536,-1,21349.0
4011,10700,apf,raul.214,2457751.635798,2.01,2.242841,-1,20807.0
4012,10700,apf,raul.215,2457751.636655,0.88,2.379144,-1,22013.0
4013,10700,apf,raum.214,2457753.687418,-1.45,2.300732,-1,22402.0
4014,10700,apf,raum.215,2457753.688228,-8.70,2.296409,-1,21990.0
4015,10700,apf,raum.216,2457753.689084,-3.62,2.364531,-1,20355.0
4016,10700,apf,raym.263,2457937.990595,-2.43,2.521868,-1,22450.0
4017,10700,apf,raym.264,2457937.991393,2.60,2.508495,-1,21820.0
4018,10700,apf,raym.265,2457937.992192,-0.21,2.295248,-1,23276.0
4019,10700,apf,rayr.270,2457948.986117,-4.09,2.559596,-1,20978.0
4020,10700,apf,rayr.271,2457948.986961,-5.34,2.707006,-1,22196.0
4021,10700,apf,rayr.272,2457948.987806,-8.88,2.910339,-1,22234.0
4022,10700,apf,rayw.187,2457956.973206,0.05,3.094253,-1,8120.0
4023,10700,apf,rayw.188,2457956.973936,1.60,3.055488,-1,9102.0
4024,10700,apf,rayw.189,2457956.974642,-2.50,3.070462,-1,9373.0
4025,10700,apf,raza.193,2457961.933563,-2.08,2.87987,-1,20865.0
4026,10700,apf,raza.194,2457961.934454,-3.89,2.513314,-1,20061.0
4027,10700,apf,raza.195,2457961.935357,-3.49,2.778393,-1,20819.0
4028,10700,apf,razc.257,2457962.953059,-2.49,2.595468,-1,22866.0
4029,10700,apf,razc.258,2457962.953881,-2.92,2.523814,-1,22395.0
4030,10700,apf,razc.259,2457962.954691,-4.69,2.707244,-1,22607.0
4031,10700,apf,razd.286,2457964.959987,-3.49,2.497838,-1,22609.0
4032,10700,apf,razd.288,2457964.967731,-3.35,2.747416,-1,23073.0
4033,10700,apf,raze.237,2457966.959991,0.15,2.51055,-1,23619.0
4034,10700,apf,raze.238,2457966.960802,1.50,2.590903,-1,22887.0
4035,10700,apf,raze.239,2457966.9616,-2.86,2.823627,-1,21271.0
4036,10700,apf,razg.241,2457971.957028,0.19,2.538682,-1,21410.0
4037,10700,apf,razg.242,2457971.957746,2.20,2.744681,-1,21919.0
4038,10700,apf,razg.243,2457971.958498,-5.71,2.619736,-1,21844.0
4039,10700,apf,razh.254,2457972.962721,0.82,2.770477,-1,20407.0
4040,10700,apf,razh.255,2457972.96345,-1.72,2.473395,-1,21023.0
4041,10700,apf,razh.256,2457972.964168,-2.01,2.52378,-1,20826.0
4042,10700,apf,razl.239,2457981.990149,-6.55,2.301742,-1,22916.0
4043,10700,apf,razl.240,2457981.990959,-2.61,2.229958,-1,24352.0
4044,10700,apf,razl.241,2457981.991747,-1.74,2.238374,-1,24442.0
4045,10700,apf,razm.258,2457982.999029,-2.14,2.83739,-1,19382.0
4046,10700,apf,razm.259,2457982.999781,-3.83,2.760543,-1,18486.0
4047,10700,apf,razm.260,2457983.000534,-1.37,2.799534,-1,17779.0
4048,10700,apf,razq.305,2457991.978376,-6.57,2.515753,-1,22358.0
4049,10700,apf,razq.306,2457991.979209,0.31,2.608692,-1,23303.0
4050,10700,apf,razq.307,2457991.980043,0.61,2.363962,-1,22239.0
4051,10700,apf,razs.261,2457995.973823,0.40,4.488444,-1,3807.0
4052,10700,apf,razs.262,2457995.97461,-0.10,2.780764,-1,16549.0
4053,10700,apf,razs.263,2457995.975524,5.03,2.515089,-1,21582.0
4054,10700,apf,razt.262,2457996.997168,0.28,2.201845,-1,21552.0
4055,10700,apf,razt.263,2457996.997978,-3.32,2.292035,-1,23719.0
4056,10700,apf,razt.264,2457996.998788,0.68,2.348761,-1,23063.0
4057,10700,apf,razu.202,2457997.956191,0.82,2.368279,-1,20293.0
4058,10700,apf,razu.203,2457997.957013,-0.43,2.514449,-1,22687.0
4059,10700,apf,razu.204,2457997.957846,-4.71,2.36565,-1,21167.0
4060,10700,apf,rbac.250,2458011.829056,3.01,3.65657,-1,8811.0
4061,10700,apf,rbac.251,2458011.829785,-1.56,3.384173,-1,10234.0
4062,10700,apf,rbac.252,2458011.830491,-3.82,3.336976,-1,9073.0
4063,10700,apf,rbah.239,2458022.935087,-3.85,2.417131,-1,18365.0
4064,10700,apf,rbah.240,2458022.936002,-0.40,2.509536,-1,21738.0
4065,10700,apf,rbah.241,2458022.936893,-3.02,2.482402,-1,21170.0
4066,10700,apf,rbai.235,2458024.891202,-3.38,2.498704,-1,19847.0
4067,10700,apf,rbai.236,2458024.891943,-4.22,2.438023,-1,19200.0
4068,10700,apf,rbai.237,2458024.892695,-3.10,2.447415,-1,18143.0
4069,10700,apf,rbaj.235,2458025.931984,-6.26,2.374653,-1,20451.0
4070,10700,apf,rbaj.236,2458025.932702,-0.46,2.616409,-1,19463.0
4071,10700,apf,rbaj.237,2458025.933431,-4.46,2.576311,-1,21074.0
4072,10700,apf,rbak.241,2458027.783042,-0.58,3.025574,-1,8868.0
4073,10700,apf,rbak.242,2458027.78376,-3.64,3.126663,-1,9061.0
4074,10700,apf,rbak.243,2458027.784489,-2.40,3.314641,-1,8447.0
4075,10700,apf,rbal.245,2458031.875158,-0.16,2.26943,-1,20977.0
4076,10700,apf,rbal.246,2458031.876037,-1.97,2.279891,-1,20728.0
4077,10700,apf,rbal.247,2458031.876952,-0.21,2.279558,-1,20422.0
4078,10700,apf,rbam.241,2458032.859991,-2.25,2.361736,-1,18631.0
4079,10700,apf,rbam.242,2458032.860951,-0.65,2.384434,-1,18179.0
4080,10700,apf,rbam.243,2458032.861854,2.49,2.269656,-1,19170.0
4081,10700,apf,rbao.216,2458039.744926,-3.55,3.347029,-1,6684.0
4082,10700,apf,rbao.217,2458039.74569,-9.91,3.093321,-1,8144.0
4083,10700,apf,rbao.218,2458039.746431,-5.35,3.387464,-1,6808.0
4084,10700,apf,rbao.232,2458039.796118,-5.00,3.237291,-1,7782.0
4085,10700,apf,rbao.233,2458039.796847,-4.24,3.224168,-1,8609.0
4086,10700,apf,rbao.234,2458039.797553,-1.88,2.986814,-1,8895.0
4087,10700,apf,rbap.240,2458040.962709,-1.99,2.521603,-1,15455.0
4088,10700,apf,rbap.241,2458040.963727,-3.38,2.485755,-1,15999.0
4089,10700,apf,rbap.242,2458040.964815,-2.45,2.904982,-1,11562.0
4090,10700,apf,rbaq.227,2458041.898338,-2.22,2.545319,-1,21340.0
4091,10700,apf,rbaq.228,2458041.89916,-5.33,2.455143,-1,21359.0
4092,10700,apf,rbaq.229,2458041.899982,-9.39,2.318951,-1,21649.0
4093,10700,apf,rbar.254,2458042.948549,-3.31,2.30507,-1,20854.0
4094,10700,apf,rbar.255,2458042.949371,-1.21,2.520105,-1,20754.0
4095,10700,apf,rbar.256,2458042.950204,-0.86,2.441828,-1,20132.0
4096,10700,apf,rbas.186,2458045.816455,-5.18,2.280762,-1,21499.0
4097,10700,apf,rbas.187,2458045.817299,-2.98,2.431722,-1,21844.0
4098,10700,apf,rbas.188,2458045.818133,-5.17,2.34239,-1,22193.0
4099,10700,apf,rbav.222,2458051.707525,-0.27,3.166423,-1,10235.0
4100,10700,apf,rbav.223,2458051.70822,-0.13,2.909328,-1,9832.0
4101,10700,apf,rbav.224,2458051.708891,-1.89,3.07465,-1,10167.0
4102,10700,apf,rbaw.231,2458052.800647,-0.13,2.377145,-1,21198.0
4103,10700,apf,rbaw.232,2458052.801492,6.61,2.400803,-1,20502.0
4104,10700,apf,rbaw.233,2458052.80236,-2.97,2.347427,-1,20818.0
4105,10700,apf,rbax.238,2458053.777636,1.02,2.496452,-1,21349.0
4106,10700,apf,rbax.239,2458053.778527,2.75,2.194868,-1,20379.0
4107,10700,apf,rbax.240,2458053.779395,0.19,2.494574,-1,21213.0
4108,10700,apf,rbbm.224,2458086.687542,-2.95,3.213098,-1,8057.0
4109,10700,apf,rbbm.225,2458086.688294,0.38,3.204974,-1,6687.0
4110,10700,apf,rbbm.226,2458086.68907,-4.37,3.335167,-1,7210.0
4111,10700,apf,rbbo.229,2458088.653017,-1.17,3.02925,-1,9201.0
4112,10700,apf,rbbo.230,2458088.653723,-1.70,3.234878,-1,8370.0
4113,10700,apf,rbbo.231,2458088.654452,-3.18,3.09456,-1,9747.0
4114,10700,apf,rbbs.219,2458094.665046,-3.60,2.585885,-1,11132.0
4115,10700,apf,rbbs.220,2458094.665694,-2.52,2.689557,-1,11190.0
4116,10700,apf,rbbs.221,2458094.666353,2.73,2.688524,-1,11267.0
4117,10700,apf,rbbx.206,2458109.710835,3.20,2.696203,-1,11401.0
4118,10700,apf,rbbx.207,2458109.712479,-0.20,2.924595,-1,10752.0
4119,10700,apf,rbbx.208,2458109.71425,-1.44,2.832099,-1,10801.0
4120,10700,apf,rbby.194,2458110.733477,-3.28,2.257466,-1,21489.0
4121,10700,apf,rbcc.260,2458115.630865,-0.99,3.072772,-1,9410.0
4122,10700,apf,rbcc.261,2458115.631571,1.31,3.206904,-1,8539.0
4123,10700,apf,rbcc.262,2458115.632266,0.68,3.17825,-1,8938.0
4124,10700,apf,rbce.204,2458119.708263,-7.56,2.656406,-1,11093.0
4125,10700,apf,rbce.205,2458119.708934,3.23,3.167776,-1,10259.0
4126,10700,apf,rbce.206,2458119.709594,-3.88,2.903773,-1,9276.0
4127,10700,apf,rbck.207,2458131.658825,1.96,3.771117,-1,5196.0
4128,10700,apf,rbck.208,2458131.659646,-5.67,3.519479,-1,5080.0
4129,10700,apf,rbck.209,2458131.660456,-1.39,3.553701,-1,6400.0
4130,10700,apf,rbcp.195,2458152.596266,2.44,3.307367,-1,7192.0
4131,10700,apf,rbcp.196,2458152.597122,-5.07,3.550876,-1,6129.0
4132,10700,apf,rbcp.197,2458152.597979,0.77,3.617397,-1,6000.0
4133,10700,apf,rbcq.123,2458155.599077,1.32,2.655785,-1,11816.0
4134,10700,apf,rbcq.124,2458155.599795,0.46,2.810473,-1,11512.0
4135,10700,apf,rbcq.125,2458155.600524,3.50,2.800902,-1,10796.0
4136,10700,apf,rbcr.192,2458156.600294,-0.44,3.391342,-1,7233.0
4137,10700,apf,rbcr.193,2458156.601092,1.20,2.969084,-1,10175.0
4138,10700,apf,rbcr.194,2458156.601891,-4.45,3.135858,-1,8621.0
4139,10700,apf,rbcu.185,2458162.605607,-12.18,3.092012,-1,7381.0
4140,10700,apf,rbcu.186,2458162.60644,2.79,3.299981,-1,7463.0
4141,10700,apf,rbcu.187,2458162.607274,5.35,3.065352,-1,7755.0
4142,10700,apf,rbcv.187,2458165.603988,-1.11,2.348608,-1,15077.0
4143,10700,apf,rbcv.188,2458165.60503,-0.53,2.633561,-1,14364.0
4144,10700,apf,rbcv.189,2458165.605991,-2.70,2.271844,-1,15636.0
4145,10700,apf,rbfv.225,2458323.955891,-0.50,2.494059,-1,16954.0
4146,10700,apf,rbfv.226,2458323.956759,-4.42,2.74172,-1,21452.0
4147,10700,apf,rbfv.227,2458323.957604,-4.83,2.789999,-1,19206.0
4148,10700,apf,rbfy.252,2458329.982688,-0.73,2.429458,-1,28689.0
4149,10700,apf,rbfz.222,2458330.945465,-3.83,2.586675,-1,17396.0
4150,10700,apf,rbfz.223,2458330.946356,-3.52,2.655138,-1,19072.0
4151,10700,apf,rbfz.224,2458330.947236,-1.91,2.765351,-1,18084.0
4152,10700,apf,rbga.238,2458332.970643,-2.30,2.752399,-1,19885.0
4153,10700,apf,rbga.239,2458332.971523,-5.50,2.504324,-1,16932.0
4154,10700,apf,rbga.240,2458332.97238,-2.89,2.635321,-1,20943.0
4155,10700,apf,rbgr.266,2458368.949265,-10.27,2.439165,-1,19730.0
4156,10700,apf,rbgr.267,2458368.949982,-7.14,2.20552,-1,20898.0
4157,10700,apf,rbgr.268,2458368.9507,-7.36,2.5425,-1,17149.0
4158,10700,apf,rbgs.281,2458369.964463,-1.86,2.420565,-1,20743.0
4159,10700,apf,rbgs.282,2458369.965262,-5.28,2.31202,-1,20211.0
4160,10700,apf,rbgs.283,2458369.966038,-4.83,2.478857,-1,23723.0
4161,10700,apf,rbgt.272,2458372.921263,-2.44,2.397599,-1,20504.0
4162,10700,apf,rbgt.273,2458372.922084,-2.45,2.5136,-1,21264.0
4163,10700,apf,rbgt.274,2458372.922895,-6.89,2.582426,-1,19261.0
4164,10700,apf,rbgy.265,2458379.915036,-7.19,2.761436,-1,15901.0
4165,10700,apf,rbgy.266,2458379.915742,-5.47,2.452344,-1,19956.0
4166,10700,apf,rbgy.267,2458379.916459,-4.34,2.558479,-1,16454.0
4167,10700,apf,rbhc.254,2458389.916487,-5.51,2.70696,-1,15080.0
4168,10700,apf,rbhc.255,2458389.916499,-1.26,2.547576,-1,17051.0
4169,10700,apf,rbhc.256,2458389.917205,1.73,2.542616,-1,16784.0
4170,10700,apf,rbhh.230,2458390.916204,1.75,2.792167,-1,16626.0
4171,10700,apf,rbhh.231,2458390.917084,0.35,2.3397,-1,20274.0
4172,10700,apf,rbhh.232,2458390.917975,0.78,2.579455,-1,18471.0
4173,10700,apf,rbhj.236,2458398.839879,-2.46,2.986637,-1,7108.0
4174,10700,apf,rbhj.237,2458398.840632,-0.89,3.115811,-1,7398.0
4175,10700,apf,rbhj.238,2458398.841407,-4.51,3.213192,-1,7224.0
4176,10700,apf,rbhj.261,2458398.896697,-2.42,3.491944,-1,6550.0
4177,10700,apf,rbhj.262,2458398.897461,3.27,3.157094,-1,7643.0
4178,10700,apf,rbhj.263,2458398.89819,3.28,3.220239,-1,8253.0
4179,10700,apf,rbhk.217,2458399.865659,-2.21,2.407867,-1,16901.0
4180,10700,apf,rbhk.218,2458399.866608,-3.92,2.730022,-1,17710.0
4181,10700,apf,rbhk.219,2458399.867569,-1.30,2.528017,-1,17879.0
4182,10700,apf,rbhl.245,2458400.860951,-0.30,2.410961,-1,23039.0
4183,10700,apf,rbhl.246,2458400.861738,-5.76,2.510103,-1,22573.0
4184,10700,apf,rbhl.247,2458400.862525,-3.58,2.316906,-1,22488.0
4185,10700,apf,rbhm.228,2458405.851866,-7.39,2.635771,-1,20434.0
4186,10700,apf,rbhm.229,2458405.852676,-5.77,2.448141,-1,21155.0
4187,10700,apf,rbhm.230,2458405.85351,-2.44,2.573528,-1,20227.0
4188,10700,apf,rbhn.240,2458410.88295,-7.13,2.231657,-1,21748.0
4189,10700,apf,rbhn.241,2458410.883761,1.18,2.51725,-1,20224.0
4190,10700,apf,rbhn.242,2458410.884559,0.13,2.457409,-1,21624.0
4191,10700,apf,rbhp.225,2458414.818393,1.79,2.396491,-1,23172.0
4192,10700,apf,rbhp.226,2458414.819215,4.04,2.460981,-1,21662.0
4193,10700,apf,rbhp.227,2458414.820014,0.45,2.1925,-1,22453.0
4194,10700,apf,rbhr.243,2458418.900024,-4.08,2.999992,-1,10448.0
4195,10700,apf,rbhr.244,2458418.901077,-0.74,2.688539,-1,14437.0
4196,10700,apf,rbhr.245,2458418.902119,-2.32,3.0511,-1,12243.0
4197,10700,apf,rbhs.223,2458419.804294,-3.07,2.693593,-1,19979.0
4198,10700,apf,rbhs.224,2458419.805115,-6.57,2.351275,-1,21986.0
4199,10700,apf,rbhs.225,2458419.805926,-2.69,2.459287,-1,19871.0
4200,10700,apf,rbie.215,2458448.733594,1.64,2.46088,-1,18300.0
4201,10700,apf,rbie.216,2458448.73445,-0.90,2.237482,-1,20169.0
4202,10700,apf,rbie.217,2458448.735295,-0.50,2.451409,-1,19823.0
4203,10700,apf,rbit.203,2458480.702677,0.07,2.75126,-1,12367.0
4204,10700,apf,rbit.204,2458480.703788,-0.77,2.587879,-1,12091.0
4205,10700,apf,rbit.205,2458480.704875,-0.23,2.602528,-1,11960.0
4206,10700,apf,rbix.195,2458488.621263,-1.99,2.676104,-1,12257.0
4207,10700,apf,rbix.196,2458488.622038,-3.05,2.556732,-1,13488.0
4208,10700,apf,rbix.197,2458488.622779,-4.52,2.703408,-1,13362.0
4209,10700,apf,rbjg.204,2458509.636202,0.39,2.169561,-1,26787.0
4210,10700,apf,rbjg.205,2458509.637613,2.82,2.202031,-1,26996.0
4211,10700,apf,rbjg.206,2458509.639303,0.21,2.12329,-1,27143.0
4212,10700,apf,rbmp.169,2458677.980879,1.16,2.618554,-1,19369.0
4213,10700,apf,rbmp.170,2458677.981677,-3.99,2.71285,-1,16450.0
4214,10700,apf,rbmp.171,2458677.982464,-5.57,2.754769,-1,17152.0
4215,10700,apf,rbmp.172,2458677.983251,-0.65,2.555796,-1,18961.0
4216,10700,apf,rbmr.324,2458681.981406,-2.04,2.751279,-1,13689.0
4217,10700,apf,rbmr.325,2458681.982262,-2.75,2.726217,-1,13882.0
4218,10700,apf,rbmr.326,2458681.983142,-2.30,2.751224,-1,14260.0
4219,10700,apf,rbmr.327,2458681.98401,4.74,2.872281,-1,14264.0
4220,10700,apf,rbnv.329,2458719.981782,-3.73,3.080665,-1,15620.0
4221,10700,apf,rbnv.330,2458719.982488,-1.60,3.000076,-1,14442.0
4222,10700,apf,rbnv.331,2458719.983194,0.96,2.69389,-1,15254.0
4223,10700,apf,rbnv.332,2458719.9839,-2.88,3.048518,-1,15822.0
4224,10700,apf,rbpc.854,2458752.888015,-2.64,2.894239,-1,16077.0
4225,10700,apf,rbpc.855,2458752.888814,-3.53,2.628667,-1,16515.0
4226,10700,apf,rbpc.856,2458752.889624,-2.75,2.667481,-1,17803.0
4227,10700,apf,rbpc.857,2458752.890411,1.06,2.849553,-1,17187.0
4228,10700,apf,rbpz.147,2458775.854772,-2.46,2.677819,-1,15696.0
4229,10700,apf,rbpz.148,2458775.855593,1.88,2.753888,-1,14964.0
4230,10700,apf,rbpz.149,2458775.856403,-2.24,2.396277,-1,16082.0
4231,10700,apf,rbqo.747,2458790.915566,-2.06,2.182331,-1,29047.0
4232,10700,apf,rbqo.748,2458790.916596,0.95,2.215985,-1,34997.0
4233,10700,apf,rbqo.749,2458790.917568,-3.63,2.340476,-1,20197.0
4234,10700,apf,rbqo.750,2458790.918447,-3.16,2.363676,-1,24803.0
4235,10700,apf,rbqo.751,2458790.919443,0.98,2.351755,-1,22049.0
4236,10700,apf,rbqr.549,2458793.886227,-0.31,2.277956,-1,23197.0
4237,10700,apf,rbqr.550,2458793.887049,1.98,2.543399,-1,22285.0
4238,10700,apf,rbqr.551,2458793.887882,-3.08,2.227426,-1,22764.0
4239,10700,apf,rbqr.552,2458793.888739,-4.04,2.50806,-1,23805.0
4240,10700,apf,rbqs.837,2458794.826605,-0.69,2.576371,-1,35141.0
4241,10700,apf,rbqs.838,2458794.827554,0.96,2.590779,-1,19380.0
4242,10700,apf,rbqs.839,2458794.828283,-1.48,2.931361,-1,10213.0
4243,10700,apf,rbqs.840,2458794.829024,0.63,2.399778,-1,41630.0
4244,10700,apf,rbqs.841,2458794.83017,2.10,2.502812,-1,22263.0
4245,10700,apf,rbqt.137,2458795.801008,2.42,3.242342,-1,5775.0
4246,10700,apf,rbqt.138,2458795.80168,-0.32,2.604845,-1,10727.0
4247,10700,apf,rbqt.139,2458795.802316,1.06,3.397021,-1,6197.0
4248,10700,apf,rbqt.140,2458795.802918,4.17,4.094234,-1,4216.0
4249,10700,apf,rbqw.141,2458798.801359,-3.89,3.940555,-1,5642.0
4250,10700,apf,rbqw.142,2458798.802042,-1.82,3.052738,-1,8870.0
4251,10700,apf,rbqw.143,2458798.802667,-1.48,3.525753,-1,5398.0
4252,10700,apf,rbqx.433,2458799.758119,-0.72,2.725225,-1,24573.0
4253,10700,apf,rbqx.434,2458799.758987,0.60,2.492509,-1,26839.0
4254,10700,apf,rbqx.435,2458799.75975,5.79,2.59427,-1,17528.0
4255,10700,apf,rbqy.726,2458800.738985,-5.93,2.59204,-1,14423.0
4256,10700,apf,rbqy.727,2458800.739656,-3.84,4.06582,-1,3734.0
4257,10700,apf,rbrc.815,2458804.890826,-4.52,4.454226,-1,3571.0
4258,10700,apf,rbrc.817,2458804.892111,-1.66,3.778412,-1,5792.0
4259,10700,apf,rbrd.136,2458805.792975,-0.51,3.501711,-1,7656.0
4260,10700,apf,rbrd.137,2458805.793635,-6.87,2.787627,-1,10769.0
4261,10700,apf,rbrd.138,2458805.794341,-4.98,2.827083,-1,12425.0
4262,10700,apf,rbre.130,2458806.732736,0.84,2.41784,-1,15178.0
4263,10700,apf,rbre.131,2458806.733639,2.61,2.178796,-1,17141.0
4264,10700,apf,rbre.132,2458806.734565,1.68,2.331045,-1,14491.0
4265,10700,apf,rbrg.640,2458808.817903,5.22,2.39956,-1,22359.0
4266,10700,apf,rbrg.641,2458808.819685,1.06,2.459023,-1,24533.0
4267,10700,apf,rbrg.642,2458808.821398,-0.67,2.382397,-1,23321.0
4268,10700,apf,rbrh.114,2458809.876519,-1.09,2.22809,-1,22993.0
4269,10700,apf,rbrh.115,2458809.878266,1.03,2.38623,-1,22869.0
4270,10700,apf,rbrh.116,2458809.880037,0.66,2.498172,-1,21932.0
4271,10700,apf,rbrl.441,2458813.80481,0.45,2.225642,-1,23417.0
4272,10700,apf,rbrl.442,2458813.806361,2.39,2.181209,-1,23990.0
4273,10700,apf,rbrl.443,2458813.807958,-0.26,2.156617,-1,24232.0
