time,mnvel,errvel,tel,inst,source
2450395.72835,-7.55,1.17,,hiresk,butler2017
2450395.730509,-2.62,1.151759,,hiresk,callegacy
2450395.73123,-1.1,5.1,,hiresk,johnson2016hr
2450395.73294,-7.83,1.246172,,hiresk,callegacy
2450395.73331,1.6,5.8,,hiresk,johnson2016hr
2450395.735035,-2.03,1.130024,,hiresk,callegacy
2450395.73583,-2.5,5.5,,hiresk,johnson2016hr
2450395.79264,-6.83,2.14,,hiresk,butler2017
2450395.79782,7.68,1.34,,hiresk,butler2017
2453239.039803,-2.44,1.441965,,hiresj,callegacy
2453239.049646,-2.14,0.73,,hiresj,hirsch2021
2453239.058715,-4.29,1.402762,,hiresj,callegacy
2453301.76795,-13.27,1.37,,hiresj,butler2017
2453301.767951,-13.92,1.21,,hiresj,hirsch2021
2453301.767951,-10.36,1.600689,,hiresj,callegacy
2453338.709062,-12.88,1.424647,,hiresj,callegacy
2453338.709062,-12.88,1.424647,,hiresj,callegacy
2453338.70993,-8.28,1.03,,hiresj,butler2017
2453338.709931,-11.09,1.488272,,hiresj,callegacy
2453338.709931,-11.09,1.488272,,hiresj,callegacy
2453338.710833,-10.79,1.492149,,hiresj,callegacy
2453338.710833,-10.79,1.492149,,hiresj,callegacy
2453338.711713,-10.01,1.457718,,hiresj,callegacy
2453547.096493,1.69,1.148971,,hiresj,callegacy
2453547.096493,1.69,1.148971,,hiresj,callegacy
2453547.097292,-0.43,1.050116,,hiresj,callegacy
2453547.097292,-0.43,1.050116,,hiresj,callegacy
2453547.097642,-3.07,0.42,,hiresj,hirsch2021
2453547.098079,1.46,1.059078,,hiresj,callegacy
2453547.098079,1.46,1.059078,,hiresj,callegacy
2453547.098877,1.46,1.169882,,hiresj,callegacy
2453547.098877,1.46,1.169882,,hiresj,callegacy
2453548.084086,1.28,0.995701,,hiresj,callegacy
2453548.08409,0.42,0.84,,hiresj,butler2017
2453548.085336,1.79,1.066114,,hiresj,callegacy
2453548.085336,1.79,1.066114,,hiresj,callegacy
2453548.08534,1.51,0.82,,hiresj,butler2017
2453548.086875,2.98,0.974466,,hiresj,callegacy
2453549.120428,-2.1,1.026162,,hiresj,callegacy
2453549.120428,-2.1,1.026162,,hiresj,callegacy
2453549.12043,0.15,0.83,,hiresj,butler2017
2453549.121215,-2.56,1.005357,,hiresj,callegacy
2453550.083113,0.35,1.316741,,hiresj,callegacy
2453550.083113,0.35,1.316741,,hiresj,callegacy
2453550.083831,1.97,1.030086,,hiresj,callegacy
2453550.084606,0.02,1.078109,,hiresj,callegacy
2453550.084606,0.02,1.078109,,hiresj,callegacy
2453550.08461,2.88,0.9,,hiresj,butler2017
2453550.08539,2.76,0.92,,hiresj,butler2017
2453550.085394,0.13,1.05568,,hiresj,callegacy
2453550.085394,0.13,1.05568,,hiresj,callegacy
2453550.086181,0.83,1.04015,,hiresj,callegacy
2453551.089722,-5.67,1.044519,,hiresj,callegacy
2453551.089722,-5.67,1.044519,,hiresj,callegacy
2453551.090498,-5.55,0.99975,,hiresj,callegacy
2453551.0905,0.48,0.71,,hiresj,butler2017
2453551.09127,1.23,0.8,,hiresj,butler2017
2453551.091273,-5.24,1.046957,,hiresj,callegacy
2453551.091273,-5.24,1.046957,,hiresj,callegacy
2453551.09206,-0.35,1.021424,,hiresj,callegacy
2453552.048472,-8.66,1.092716,,hiresj,callegacy
2453552.048472,-8.66,1.092716,,hiresj,callegacy
2453552.049271,-6.18,1.079138,,hiresj,callegacy
2453552.050069,-4.98,1.168071,,hiresj,callegacy
2453552.050069,-4.98,1.168071,,hiresj,callegacy
2453552.05007,-0.17,0.86,,hiresj,butler2017
2453552.050937,-3.49,1.088983,,hiresj,callegacy
2453552.050937,-3.49,1.088983,,hiresj,callegacy
2453571.062558,-4.99,1.140216,,hiresj,callegacy
2453571.06256,-1.28,0.81,,hiresj,butler2017
2453571.063438,-2.31,1.123256,,hiresj,callegacy
2453571.063438,-2.31,1.123256,,hiresj,callegacy
2453571.06344,0.79,0.89,,hiresj,butler2017
2453571.064225,-1.51,1.129203,,hiresj,callegacy
2453571.064225,-1.51,1.129203,,hiresj,callegacy
2453692.76792,5.41,1.9,,hiresj,butler2017
2453692.771053,12.01,1.336673,,hiresj,callegacy
2453692.774595,10.54,1.349653,,hiresj,callegacy
2453693.698044,5.94,1.456083,,hiresj,callegacy
2453693.698044,5.94,1.456083,,hiresj,callegacy
2453693.698958,2.85,1.275985,,hiresj,callegacy
2453693.698958,2.85,1.275985,,hiresj,callegacy
2453693.699769,3.27,1.426008,,hiresj,callegacy
2453693.699769,3.27,1.426008,,hiresj,callegacy
2453693.920856,5.25,1.476487,,hiresj,callegacy
2453693.921736,7.14,1.435676,,hiresj,callegacy
2453693.921736,7.14,1.435676,,hiresj,callegacy
2453693.92174,2.47,0.96,,hiresj,butler2017
2453693.9226,0.38,1.05,,hiresj,butler2017
2453693.922604,5.22,1.442715,,hiresj,callegacy
2453694.695266,3.74,1.471966,,hiresj,callegacy
2453694.69527,0.62,1.07,,hiresj,butler2017
2453694.69605,1.73,0.97,,hiresj,butler2017
2453694.696053,5.58,1.448138,,hiresj,callegacy
2453694.696053,5.58,1.448138,,hiresj,callegacy
2453694.696887,7.07,1.37156,,hiresj,callegacy
2453694.847002,7.18,1.459684,,hiresj,callegacy
2453694.847002,7.18,1.459684,,hiresj,callegacy
2453694.847789,8.11,1.411843,,hiresj,callegacy
2453694.84779,3.08,1.02,,hiresj,butler2017
2453694.848889,6.26,1.517436,,hiresj,callegacy
2453694.848889,6.26,1.517436,,hiresj,callegacy
2453695.849699,8.21,1.416222,,hiresj,callegacy
2453695.85045,7.57,1.01,,hiresj,butler2017
2453695.850451,6.64,1.429807,,hiresj,callegacy
2453695.850451,6.64,1.429807,,hiresj,callegacy
2453695.851215,11.62,1.446505,,hiresj,callegacy
2453695.851215,11.62,1.446505,,hiresj,callegacy
2453696.707361,6.44,1.365973,,hiresj,callegacy
2453696.708137,7.27,1.472933,,hiresj,callegacy
2453696.708137,7.27,1.472933,,hiresj,callegacy
2453696.70814,6.79,0.95,,hiresj,butler2017
2453696.7085,3.74293206263,0.571695,,hiresj,howard2016
2453696.708935,6.28,1.469351,,hiresj,callegacy
2453696.708935,6.28,1.469351,,hiresj,callegacy
2453713.81847,11.0,4.3,,hiresj,johnson2016hr
2453714.71367,16.7,4.6,,hiresj,johnson2016hr
2453724.797477,11.67,1.378676,,hiresj,callegacy
2453724.79748,5.54,1.01,,hiresj,butler2017
2453724.798333,11.93,1.329338,,hiresj,callegacy
2453724.798333,11.93,1.329338,,hiresj,callegacy
2453724.7992,4.13,1.05,,hiresj,butler2017
2453724.799201,11.23,1.340917,,hiresj,callegacy
2453746.785984,18.64,1.256964,,hiresj,callegacy
2453746.785984,18.64,1.256964,,hiresj,callegacy
2453746.78735,19.57,1.475829,,hiresj,callegacy
2453746.78735,19.57,1.475829,,hiresj,callegacy
2453746.788646,18.22,1.361491,,hiresj,callegacy
2453748.755289,18.25,1.347173,,hiresj,callegacy
2453748.756713,19.82,1.320171,,hiresj,callegacy
2453748.756713,19.82,1.320171,,hiresj,callegacy
2453748.757627,19.06,1.351994,,hiresj,callegacy
2453748.757627,19.06,1.351994,,hiresj,callegacy
2453749.773819,19.39,1.430554,,hiresj,callegacy
2453749.77382,10.35,1.07,,hiresj,butler2017
2453749.77486,10.95,1.01,,hiresj,butler2017
2453749.774861,19.03,1.397608,,hiresj,callegacy
2453749.775926,19.56,1.236193,,hiresj,callegacy
2453750.788206,15.86,1.403616,,hiresj,callegacy
2453750.78821,12.91,0.86,,hiresj,butler2017
2453750.789016,15.85,1.350959,,hiresj,callegacy
2453750.789016,15.85,1.350959,,hiresj,callegacy
2453750.789826,14.63,1.265788,,hiresj,callegacy
2453750.789826,14.63,1.265788,,hiresj,callegacy
2453751.75897,22.89,1.411466,,hiresj,callegacy
2453751.75897,22.89,1.411466,,hiresj,callegacy
2453751.76008,17.61,1.07,,hiresj,butler2017
2453751.760081,24.5,1.343454,,hiresj,callegacy
2453751.761123,26.39,1.351544,,hiresj,callegacy
2453752.825868,20.46,1.434525,,hiresj,callegacy
2453752.827477,20.8,1.462513,,hiresj,callegacy
2453752.82748,10.69,0.99,,hiresj,butler2017
2453752.827586,12.33,0.63,,hiresj,hirsch2021
2453752.829329,22.37,1.408406,,hiresj,callegacy
2453752.829329,22.37,1.408406,,hiresj,callegacy
2453753.7775,20.76,1.402291,,hiresj,callegacy
2453753.7775,20.76,1.402291,,hiresj,callegacy
2453753.778611,21.65,1.418229,,hiresj,callegacy
2453753.779745,20.43,1.349176,,hiresj,callegacy
2453926.091285,11.27,1.103785,,hiresj,callegacy
2453926.09129,7.59,0.97,,hiresj,butler2017
2453926.09222,6.53,0.84,,hiresj,butler2017
2453926.092222,6.59,0.996531,,hiresj,callegacy
2453926.092222,6.59,0.996531,,hiresj,callegacy
2453926.093021,9.77,1.143983,,hiresj,callegacy
2453982.954525,13.14,1.487527,,hiresj,callegacy
2453982.954525,13.14,1.487527,,hiresj,callegacy
2453982.9549,7.18703328117,0.5372139,,hiresj,howard2016
2453982.9553,9.2,1.12,,hiresj,butler2017
2453982.955301,12.26,1.390567,,hiresj,callegacy
2453982.955301,12.26,1.390567,,hiresj,callegacy
2453982.956053,8.87,1.381197,,hiresj,callegacy
2454084.866007,21.19,1.490402,,hiresj,callegacy
2454084.86721,7.92,1.25,,hiresj,butler2017
2454084.867211,18.96,1.46899,,hiresj,callegacy
2454084.867211,18.96,1.46899,,hiresj,callegacy
2454084.86827,8.72,1.22,,hiresj,butler2017
2454084.868275,18.53,1.509627,,hiresj,callegacy
2454085.833056,20.06,1.330126,,hiresj,callegacy
2454085.834225,22.56,1.489008,,hiresj,callegacy
2454085.834225,22.56,1.489008,,hiresj,callegacy
2454085.83538,13.36,1.35,,hiresj,butler2017
2454085.835382,24.09,1.523834,,hiresj,callegacy
2454248.096748,-1.32,1.475342,,hiresj,callegacy
2454248.09675,-1.12,1.13,,hiresj,butler2017
2454248.09675,-1.12,1.13,,hiresj,butler2017
2454249.091238,4.34,1.427713,,hiresj,callegacy
2454249.091238,4.34,1.427713,,hiresj,callegacy
2454249.09124,2.18,1.2,,hiresj,butler2017
2454250.12849,-1.11,1.18,,hiresj,butler2017
2454250.12849,-1.11,1.18,,hiresj,butler2017
2454250.128495,2.85,1.604871,,hiresj,callegacy
2454251.118519,-8.72,1.568806,,hiresj,callegacy
2454251.11852,-6.97990919161,1.0133569,,hiresj,howard2016
2454251.11852,0.76,1.2,,hiresj,butler2017
2454279.090417,5.11,1.217308,,hiresj,callegacy
2454279.090417,5.11,1.217308,,hiresj,callegacy
2454279.09042,1.01,1.02,,hiresj,butler2017
2454280.127778,8.18,1.136337,,hiresj,callegacy
2454280.127778,8.18,1.136337,,hiresj,callegacy
2454280.12778,4.75,0.92,,hiresj,butler2017
2454286.131655,6.9,1.187102,,hiresj,callegacy
2454286.13166,1.72,1.0,,hiresj,butler2017
2454286.13166,0.594657683666,1.0172752,,hiresj,howard2016
2454295.102847,2.61,1.126275,,hiresj,callegacy
2454295.10285,7.74,1.07,,hiresj,butler2017
2454295.10285,7.74,1.07,,hiresj,butler2017
2454305.12228,9.98,1.16382,,hiresj,callegacy
2454305.12228,9.98,1.16382,,hiresj,callegacy
2454305.12228,8.39,1.03,,hiresj,butler2017
2454305.122986,8.26,1.136156,,hiresj,callegacy
2454305.122986,8.26,1.136156,,hiresj,callegacy
2454306.073669,0.7,1.2255,,hiresj,callegacy
2454306.073669,0.7,1.2255,,hiresj,callegacy
2454306.07367,6.73,1.09,,hiresj,butler2017
2454306.074363,3.09,1.184402,,hiresj,callegacy
2454307.06265,3.94,1.119239,,hiresj,callegacy
2454307.06265,7.02,1.06,,hiresj,butler2017
2454307.063322,4.51,1.091749,,hiresj,callegacy
2454307.063322,4.51,1.091749,,hiresj,callegacy
2454308.10664,12.73,0.96,,hiresj,butler2017
2454308.106644,10.49,1.136945,,hiresj,callegacy
2454308.106644,10.49,1.136945,,hiresj,callegacy
2454309.08978,9.34,1.163221,,hiresj,callegacy
2454309.09141,10.09,0.89,,hiresj,butler2017
2454309.091412,11.43,1.105838,,hiresj,callegacy
2454310.09046,10.19,0.94,,hiresj,butler2017
2454310.090463,12.36,1.227746,,hiresj,callegacy
2454310.090463,12.36,1.227746,,hiresj,callegacy
2454310.091296,12.02,1.191074,,hiresj,callegacy
2454311.06907,12.64,1.07,,hiresj,butler2017
2454311.069074,13.23,1.078788,,hiresj,callegacy
2454311.069907,14.98,1.105743,,hiresj,callegacy
2454311.069907,14.98,1.105743,,hiresj,callegacy
2454312.064896,17.15,1.088284,,hiresj,callegacy
2454312.064896,17.15,1.088284,,hiresj,callegacy
2454312.0649,11.78,1.02,,hiresj,butler2017
2454312.065671,15.59,1.110531,,hiresj,callegacy
2454313.057118,17.2,1.120668,,hiresj,callegacy
2454313.079063,14.37,1.179004,,hiresj,callegacy
2454314.051806,14.3,1.109813,,hiresj,callegacy
2454314.052639,16.72,1.078482,,hiresj,callegacy
2454314.052639,16.72,1.078482,,hiresj,callegacy
2454314.05264,17.17,0.92,,hiresj,butler2017
2454315.08912,14.58,1.048721,,hiresj,callegacy
2454315.08912,14.7,0.86,,hiresj,butler2017
2454315.09016,14.39,1.04,,hiresj,butler2017
2454315.090162,9.32,1.118262,,hiresj,callegacy
2454336.091273,-0.12,1.382605,,hiresj,callegacy
2454336.091273,-0.12,1.382605,,hiresj,callegacy
2454336.09199,2.1,1.12,,hiresj,butler2017
2454336.091991,0.96,1.415363,,hiresj,callegacy
2454339.048796,4.19,1.497913,,hiresj,callegacy
2454339.0488,5.24461491007,1.0401055,,hiresj,howard2016
2454344.043808,-5.61,1.553192,,hiresj,callegacy
2454344.043808,-5.61,1.553192,,hiresj,callegacy
2454344.04381,-1.14,1.22,,hiresj,butler2017
2454396.760579,2.98,1.347497,,hiresj,callegacy
2454396.76058,4.12,1.23,,hiresj,butler2017
2454396.76058,4.12,1.23,,hiresj,butler2017
2454397.79832,9.11,1.2,,hiresj,butler2017
2454397.798322,1.81,1.01,,hiresj,hirsch2021
2454397.798322,2.69,1.362209,,hiresj,callegacy
2454398.801354,11.82,1.537259,,hiresj,callegacy
2454398.803403,5.61,0.8,,hiresj,hirsch2021
2454398.805231,8.6,1.358178,,hiresj,callegacy
2454636.11237,8.99,1.08,,hiresj,butler2017
2454636.11237,5.04615570533,0.9928489,,hiresj,howard2016
2454636.112373,8.11,1.270453,,hiresj,callegacy
2454667.9851,-6.48,0.95,,hiresj,butler2017
2454667.985104,-8.17,1.141789,,hiresj,callegacy
2454667.985104,-8.17,1.141789,,hiresj,callegacy
2454674.11339,0.49,0.92,,hiresj,butler2017
2454674.11339,-7.70523546749,0.8578313,,hiresj,howard2016
2454674.113391,-3.75,1.134116,,hiresj,callegacy
2454674.995718,-4.87,1.260583,,hiresj,callegacy
2454674.99572,-6.36681195752,1.0093709,,hiresj,howard2016
2454674.99572,1.68,1.12,,hiresj,butler2017
2454676.067755,7.54,1.035501,,hiresj,callegacy
2454676.06776,6.77,0.98,,hiresj,butler2017
2454676.068657,7.21,1.081853,,hiresj,callegacy
2454676.068657,7.21,1.081853,,hiresj,callegacy
2454702.10787,-3.56,1.408342,,hiresj,callegacy
2454703.998429,-0.68,1.493833,,hiresj,callegacy
2454725.047326,7.36,1.473849,,hiresj,callegacy
2454725.047326,7.36,1.473849,,hiresj,callegacy
2454725.04733,5.02,1.37,,hiresj,butler2017
2454778.861528,5.76,1.571449,,hiresj,callegacy
2454778.861528,5.76,1.571449,,hiresj,callegacy
2454778.86153,1.61712875514,1.2808092,,hiresj,howard2016
2454810.78963,-8.54,1.04,,hiresj,hirsch2021
2454810.78963,-6.22,1.17,,hiresj,butler2017
2454810.78963,-7.89,1.410136,,hiresj,callegacy
2454819.86147,8.51,1.656499,,hiresj,callegacy
2454839.69006,-2.0,6.2,,hiresj,johnson2016hr
2454839.69214,-3.1,4.5,,hiresj,johnson2016hr
2454839.69283,-0.4,4.5,,hiresj,johnson2016hr
2454839.69426,-0.4,4.3,,hiresj,johnson2016hr
2454839.69426,-0.4,4.3,,hiresj,johnson2016hr
2454839.69566,-0.1,4.2,,hiresj,johnson2016hr
2454839.69566,-0.1,4.2,,hiresj,johnson2016hr
2454839.69705,1.6,4.3,,hiresj,johnson2016hr
2454839.69705,1.6,4.3,,hiresj,johnson2016hr
2454839.69843,1.9,4.1,,hiresj,johnson2016hr
2454839.69943,-0.1,4.0,,hiresj,johnson2016hr
2454839.70081,1.5,3.9,,hiresj,johnson2016hr
2454839.70148,-0.8,4.2,,hiresj,johnson2016hr
2454839.70214,1.8,4.3,,hiresj,johnson2016hr
2454839.70214,1.8,4.3,,hiresj,johnson2016hr
2454839.70295,-3.6,3.9,,hiresj,johnson2016hr
2454839.7036,1.1,3.9,,hiresj,johnson2016hr
2454839.70495,0.9,4.2,,hiresj,johnson2016hr
2454839.70495,0.9,4.2,,hiresj,johnson2016hr
2454839.7068,-4.2,4.0,,hiresj,johnson2016hr
2454839.7083,0.5,4.1,,hiresj,johnson2016hr
2454839.7083,0.5,4.1,,hiresj,johnson2016hr
2454839.70898,-2.6,3.9,,hiresj,johnson2016hr
2454839.71032,0.1,4.3,,hiresj,johnson2016hr
2454839.71032,0.1,4.3,,hiresj,johnson2016hr
2454839.71168,0.6,4.1,,hiresj,johnson2016hr
2454839.71236,-2.4,4.2,,hiresj,johnson2016hr
2454839.71236,-2.4,4.2,,hiresj,johnson2016hr
2454839.72265,-4.3,4.0,,hiresj,johnson2016hr
2454839.72332,-1.7,4.2,,hiresj,johnson2016hr
2454839.72399,-0.8,4.3,,hiresj,johnson2016hr
2454839.72399,-0.8,4.3,,hiresj,johnson2016hr
2454839.72532,-7.0,4.3,,hiresj,johnson2016hr
2454839.72532,-7.0,4.3,,hiresj,johnson2016hr
2454839.72599,-8.5,4.1,,hiresj,johnson2016hr
2454839.72661,-4.3,3.9,,hiresj,johnson2016hr
2454839.72792,-6.3,4.4,,hiresj,johnson2016hr
2454839.72792,-6.3,4.4,,hiresj,johnson2016hr
2454839.72871,-7.3,4.2,,hiresj,johnson2016hr
2454839.73005,-4.9,4.0,,hiresj,johnson2016hr
2454839.73071,-8.2,4.2,,hiresj,johnson2016hr
2454839.73071,-8.2,4.2,,hiresj,johnson2016hr
2454839.73139,-8.9,4.1,,hiresj,johnson2016hr
2454839.73205,-2.8,4.0,,hiresj,johnson2016hr
2454839.73344,-9.7,4.2,,hiresj,johnson2016hr
2454839.73344,-9.7,4.2,,hiresj,johnson2016hr
2454839.73424,-8.9,4.0,,hiresj,johnson2016hr
2454839.73491,-8.7,4.0,,hiresj,johnson2016hr
2454839.73648,-5.5,4.2,,hiresj,johnson2016hr
2454839.73648,-5.5,4.2,,hiresj,johnson2016hr
2454839.73713,-5.4,4.2,,hiresj,johnson2016hr
2454839.73779,-6.3,4.0,,hiresj,johnson2016hr
2454839.73913,-2.9,3.9,,hiresj,johnson2016hr
2454839.73979,-7.0,4.2,,hiresj,johnson2016hr
2454839.73979,-7.0,4.2,,hiresj,johnson2016hr
2454839.74046,-9.7,3.8,,hiresj,johnson2016hr
2454839.7418,-6.1,3.9,,hiresj,johnson2016hr
2454839.7418,-6.1,3.9,,hiresj,johnson2016hr
2454839.74322,-4.5,4.0,,hiresj,johnson2016hr
2454839.74322,-4.5,4.0,,hiresj,johnson2016hr
2454839.74461,-6.5,4.2,,hiresj,johnson2016hr
2454839.74461,-6.5,4.2,,hiresj,johnson2016hr
2454839.74599,-9.7,4.4,,hiresj,johnson2016hr
2454839.74599,-9.7,4.4,,hiresj,johnson2016hr
2454839.74668,-4.0,4.1,,hiresj,johnson2016hr
2454839.74806,-7.1,4.0,,hiresj,johnson2016hr
2454839.74806,-7.1,4.0,,hiresj,johnson2016hr
2454839.74979,-4.8,4.0,,hiresj,johnson2016hr
2454839.7511,-7.0,4.2,,hiresj,johnson2016hr
2454839.7511,-7.0,4.2,,hiresj,johnson2016hr
2454839.75177,-6.0,4.0,,hiresj,johnson2016hr
2454839.75244,-7.7,4.0,,hiresj,johnson2016hr
2454839.75311,-5.3,4.0,,hiresj,johnson2016hr
2454839.75445,-7.7,4.0,,hiresj,johnson2016hr
2454839.75513,-6.1,4.1,,hiresj,johnson2016hr
2454839.75513,-6.1,4.1,,hiresj,johnson2016hr
2454839.75688,-9.5,3.9,,hiresj,johnson2016hr
2454839.75756,2.2,3.9,,hiresj,johnson2016hr
2454839.75823,-3.1,3.9,,hiresj,johnson2016hr
2454984.12197,-11.68,1.56296,,hiresj,callegacy
2454984.12197,-11.68,1.56296,,hiresj,callegacy
2455016.092528,-4.71,1.210049,,hiresj,callegacy
2455016.092528,-4.71,1.210049,,hiresj,callegacy
2455016.09324,-5.62,1.01,,hiresj,butler2017
2455022.088245,-4.51,1.064701,,hiresj,callegacy
2455022.088985,-6.7,1.079706,,hiresj,callegacy
2455022.088985,-6.7,1.079706,,hiresj,callegacy
2455022.08936,-6.69,1.0,,hiresj,butler2017
2455022.09013,-4.81,1.05,,hiresj,butler2017
2455022.090525,-5.9,1.087651,,hiresj,callegacy
2455022.090525,-5.9,1.087651,,hiresj,callegacy
2455023.020056,-8.48,1.203808,,hiresj,callegacy
2455023.020878,-6.71,1.170961,,hiresj,callegacy
2455023.020878,-6.71,1.170961,,hiresj,callegacy
2455023.0217,-5.94,1.124928,,hiresj,callegacy
2455023.0217,-5.94,1.124928,,hiresj,callegacy
2455023.022418,-5.75,1.269698,,hiresj,callegacy
2455023.022418,-5.75,1.269698,,hiresj,callegacy
2455027.036464,-14.65,1.244898,,hiresj,callegacy
2455027.036464,-14.65,1.244898,,hiresj,callegacy
2455043.080665,-5.96,1.13989,,hiresj,callegacy
2455043.080665,-5.96,1.13989,,hiresj,callegacy
2455050.046782,-4.56,1.083083,,hiresj,callegacy
2455050.047477,-0.75,1.173826,,hiresj,callegacy
2455050.047477,-0.75,1.173826,,hiresj,callegacy
2455050.950997,1.01,1.112742,,hiresj,callegacy
2455053.94827,0.12,1.04,,hiresj,butler2017
2455053.94827,0.12,1.04,,hiresj,butler2017
2455053.94971,1.16,1.04,,hiresj,butler2017
2455082.14801,-13.12,1.37,,hiresj,butler2017
2455082.14801,-13.12,1.37,,hiresj,butler2017
2455082.149983,-13.6,1.469017,,hiresj,callegacy
2455082.150621,-18.1,0.6,,hiresj,hirsch2021
2455082.150642,-12.94,1.48922,,hiresj,callegacy
2455082.150642,-12.94,1.48922,,hiresj,callegacy
2455109.869786,-2.59,1.58316,,hiresj,callegacy
2455109.869786,-5.44,1.12,,hiresj,hirsch2021
2455134.89759,-7.74,1.489998,,hiresj,callegacy
2455134.89759,-10.99743477,1.2191379,,hiresj,howard2016
2455143.79314,0.01,1.23,,hiresj,butler2017
2455143.79411,1.53,1.2,,hiresj,butler2017
2455143.795204,2.79,1.407999,,hiresj,callegacy
2455143.795204,2.79,1.407999,,hiresj,callegacy
2455143.796211,1.87,1.376128,,hiresj,callegacy
2455143.797183,2.92,1.489651,,hiresj,callegacy
2455143.797183,2.92,1.489651,,hiresj,callegacy
2455143.798109,1.92,1.436177,,hiresj,callegacy
2455167.8397,-15.15,1.3,,hiresj,butler2017
2455167.8412,-12.22,1.22,,hiresj,butler2017
2455167.8412,-12.22,1.22,,hiresj,butler2017
2455167.841977,-7.48,1.652379,,hiresj,callegacy
2455167.841977,-7.48,1.652379,,hiresj,callegacy
2455167.842729,-10.14,1.713074,,hiresj,callegacy
2455167.842729,-10.14,1.713074,,hiresj,callegacy
2455167.843481,-7.33,1.612866,,hiresj,callegacy
2455167.844939,-8.82,1.6939,,hiresj,callegacy
2455172.80112,-18.31,1.564974,,hiresj,callegacy
2455172.80112,-21.01,1.14,,hiresj,hirsch2021
2455188.811388,3.12,1.391233,,hiresj,callegacy
2455188.811388,-2.56,1.11,,hiresj,hirsch2021
2455190.6964,-8.35747540263,1.1753163,,hiresj,howard2016
2455190.696401,0.86,1.432639,,hiresj,callegacy
2455192.693177,-3.21,1.38795,,hiresj,callegacy
2455192.693177,-3.21,1.38795,,hiresj,callegacy
2455196.69113,-12.7394073203,1.1022421,,hiresj,howard2016
2455196.691135,-7.47,1.374918,,hiresj,callegacy
2455196.691135,-7.47,1.374918,,hiresj,callegacy
2455197.69108,-13.56,1.87,,hiresj,butler2017
2455197.69183,-2.38,1.707496,,hiresj,callegacy
2455197.69183,-2.38,1.707496,,hiresj,callegacy
2455198.6878,-5.3,1.11,,hiresj,butler2017
2455198.688498,-5.72,1.317149,,hiresj,callegacy
2455198.688498,-5.72,1.317149,,hiresj,callegacy
2455200.841395,0.35,1.361503,,hiresj,callegacy
2455200.841395,0.35,1.361503,,hiresj,callegacy
2455200.842309,-0.26,1.418169,,hiresj,callegacy
2455200.842309,-0.26,1.418169,,hiresj,callegacy
2455200.843293,0.35,1.403099,,hiresj,callegacy
2455200.843293,0.35,1.403099,,hiresj,callegacy
2455200.84374,-9.17,1.07,,hiresj,butler2017
2455200.844312,-2.0,1.358057,,hiresj,callegacy
2455200.844312,-2.0,1.358057,,hiresj,callegacy
2455200.845261,1.51,1.292837,,hiresj,callegacy
2455202.845353,-3.53,1.372545,,hiresj,callegacy
2455202.845353,-3.53,1.372545,,hiresj,callegacy
2455202.84572,-7.22,1.01,,hiresj,butler2017
2455202.846175,-4.27,1.255026,,hiresj,callegacy
2455221.69305,-8.0,4.3,,hiresj,johnson2016hr
2455221.69305,-8.0,4.3,,hiresj,johnson2016hr
2455221.69466,-9.4,4.0,,hiresj,johnson2016hr
2455221.69541,-9.8,4.2,,hiresj,johnson2016hr
2455221.69541,-9.8,4.2,,hiresj,johnson2016hr
2455221.6969,-10.3,4.1,,hiresj,johnson2016hr
2455221.6969,-10.3,4.1,,hiresj,johnson2016hr
2455221.69764,-6.4,4.0,,hiresj,johnson2016hr
2455221.69837,-2.0,4.0,,hiresj,johnson2016hr
2455221.6991,-7.0,4.0,,hiresj,johnson2016hr
2455221.70059,-1.8,4.2,,hiresj,johnson2016hr
2455221.70059,-1.8,4.2,,hiresj,johnson2016hr
2455221.70131,-7.5,3.9,,hiresj,johnson2016hr
2455221.7028,-9.2,3.9,,hiresj,johnson2016hr
2455221.7028,-9.2,3.9,,hiresj,johnson2016hr
2455221.70353,-9.0,3.9,,hiresj,johnson2016hr
2455221.70515,-4.3,4.0,,hiresj,johnson2016hr
2455221.70589,-11.1,4.1,,hiresj,johnson2016hr
2455221.70589,-11.1,4.1,,hiresj,johnson2016hr
2455221.70666,-10.4,3.9,,hiresj,johnson2016hr
2455221.70814,-4.1,4.0,,hiresj,johnson2016hr
2455221.70814,-4.1,4.0,,hiresj,johnson2016hr
2455221.70888,-10.6,3.9,,hiresj,johnson2016hr
2455221.70964,-8.3,3.9,,hiresj,johnson2016hr
2455221.7104,-8.3,3.8,,hiresj,johnson2016hr
2455221.71114,-8.6,3.8,,hiresj,johnson2016hr
2455221.71264,-5.9,3.9,,hiresj,johnson2016hr
2455221.7134,-8.9,4.0,,hiresj,johnson2016hr
2455221.71487,-7.6,4.2,,hiresj,johnson2016hr
2455222.69363,-5.0,4.0,,hiresj,johnson2016hr
2455222.69438,-7.2,3.9,,hiresj,johnson2016hr
2455222.69585,-4.0,4.0,,hiresj,johnson2016hr
2455222.69585,-4.0,4.0,,hiresj,johnson2016hr
2455222.69671,-3.4,3.8,,hiresj,johnson2016hr
2455222.69828,-6.0,3.9,,hiresj,johnson2016hr
2455222.69828,-6.0,3.9,,hiresj,johnson2016hr
2455222.69903,-3.5,3.6,,hiresj,johnson2016hr
2455222.7005,-3.3,3.9,,hiresj,johnson2016hr
2455222.70138,-3.0,4.0,,hiresj,johnson2016hr
2455222.70138,-3.0,4.0,,hiresj,johnson2016hr
2455222.70211,-5.4,4.0,,hiresj,johnson2016hr
2455222.70435,-6.6,3.9,,hiresj,johnson2016hr
2455222.70435,-6.6,3.9,,hiresj,johnson2016hr
2455222.7051,-2.6,3.8,,hiresj,johnson2016hr
2455222.70658,-7.8,3.8,,hiresj,johnson2016hr
2455222.70658,-7.8,3.8,,hiresj,johnson2016hr
2455222.70805,-8.7,3.9,,hiresj,johnson2016hr
2455222.70805,-8.7,3.9,,hiresj,johnson2016hr
2455222.7088,-9.4,3.8,,hiresj,johnson2016hr
2455222.70956,-5.3,3.7,,hiresj,johnson2016hr
2455222.71103,-7.4,3.9,,hiresj,johnson2016hr
2455222.71103,-7.4,3.9,,hiresj,johnson2016hr
2455222.7125,-5.4,4.0,,hiresj,johnson2016hr
2455222.7125,-5.4,4.0,,hiresj,johnson2016hr
2455223.695,-2.2,3.7,,hiresj,johnson2016hr
2455223.69575,-4.6,3.6,,hiresj,johnson2016hr
2455223.69724,-1.4,3.6,,hiresj,johnson2016hr
2455223.69724,-1.4,3.6,,hiresj,johnson2016hr
2455223.69873,-2.2,3.9,,hiresj,johnson2016hr
2455223.69873,-2.2,3.9,,hiresj,johnson2016hr
2455223.70036,-2.7,3.8,,hiresj,johnson2016hr
2455223.70036,-2.7,3.8,,hiresj,johnson2016hr
2455223.70111,-0.9,3.8,,hiresj,johnson2016hr
2455223.70263,-6.2,3.9,,hiresj,johnson2016hr
2455223.70263,-6.2,3.9,,hiresj,johnson2016hr
2455223.70425,-5.1,4.0,,hiresj,johnson2016hr
2455223.70425,-5.1,4.0,,hiresj,johnson2016hr
2455223.70579,-3.7,3.9,,hiresj,johnson2016hr
2455223.70579,-3.7,3.9,,hiresj,johnson2016hr
2455223.70654,-2.6,3.7,,hiresj,johnson2016hr
2455223.70838,-3.2,3.9,,hiresj,johnson2016hr
2455223.70838,-3.2,3.9,,hiresj,johnson2016hr
2455223.7099,-1.2,3.9,,hiresj,johnson2016hr
2455223.7099,-1.2,3.9,,hiresj,johnson2016hr
2455223.71155,-5.4,3.7,,hiresj,johnson2016hr
2455223.71234,-3.8,3.8,,hiresj,johnson2016hr
2455223.71312,-7.7,4.0,,hiresj,johnson2016hr
2455223.71312,-7.7,4.0,,hiresj,johnson2016hr
2455224.69581,-3.4,3.9,,hiresj,johnson2016hr
2455224.69581,-3.4,3.9,,hiresj,johnson2016hr
2455224.69732,-0.7,3.9,,hiresj,johnson2016hr
2455224.69732,-0.7,3.9,,hiresj,johnson2016hr
2455224.69807,-2.7,3.9,,hiresj,johnson2016hr
2455224.69881,-0.3,3.8,,hiresj,johnson2016hr
2455224.69954,-4.1,3.7,,hiresj,johnson2016hr
2455224.70104,3.3,4.0,,hiresj,johnson2016hr
2455224.70104,3.3,4.0,,hiresj,johnson2016hr
2455224.70193,-5.5,3.8,,hiresj,johnson2016hr
2455224.70268,-5.4,3.8,,hiresj,johnson2016hr
2455224.70421,-5.1,3.8,,hiresj,johnson2016hr
2455224.70421,-5.1,3.8,,hiresj,johnson2016hr
2455224.70584,-2.9,4.0,,hiresj,johnson2016hr
2455224.70584,-2.9,4.0,,hiresj,johnson2016hr
2455224.70659,-2.3,4.0,,hiresj,johnson2016hr
2455224.70734,-0.6,3.8,,hiresj,johnson2016hr
2455224.70808,-6.5,3.8,,hiresj,johnson2016hr
2455224.70957,-3.3,3.9,,hiresj,johnson2016hr
2455224.70957,-3.3,3.9,,hiresj,johnson2016hr
2455224.71106,-3.1,3.8,,hiresj,johnson2016hr
2455224.71106,-3.1,3.8,,hiresj,johnson2016hr
2455224.71182,1.0,3.8,,hiresj,johnson2016hr
2455224.71344,-4.3,4.0,,hiresj,johnson2016hr
2455224.71344,-4.3,4.0,,hiresj,johnson2016hr
2455224.71419,-3.6,3.9,,hiresj,johnson2016hr
2455224.71582,3.0,3.9,,hiresj,johnson2016hr
2455224.71582,3.0,3.9,,hiresj,johnson2016hr
2455224.71734,-7.3,3.9,,hiresj,johnson2016hr
2455370.994514,-1.85,1.167266,,hiresj,callegacy
2455370.995509,-4.85,1.117577,,hiresj,callegacy
2455370.996493,-4.47,1.097114,,hiresj,callegacy
2455370.99678,-8.13,1.11,,hiresj,butler2017
2455370.997674,-0.64,1.163807,,hiresj,callegacy
2455370.997674,-0.64,1.163807,,hiresj,callegacy
2455374.090442,-10.04,0.97,,hiresj,hirsch2021
2455374.090442,-10.65,1.113865,,hiresj,callegacy
2455396.087328,-7.94,1.357036,,hiresj,callegacy
2455396.087328,-7.94,1.357036,,hiresj,callegacy
2455396.088011,-9.14,1.51911,,hiresj,callegacy
2455396.088011,-9.14,1.51911,,hiresj,callegacy
2455396.088717,-6.88,1.431977,,hiresj,callegacy
2455396.088717,-6.88,1.431977,,hiresj,callegacy
2455402.134567,-7.24,1.248754,,hiresj,callegacy
2455402.134567,-7.24,1.248754,,hiresj,callegacy
2455402.13457,-14.8070700129,1.0818429,,hiresj,howard2016
2455404.93795,-14.67,1.19,,hiresj,butler2017
2455404.938567,-10.48,1.284682,,hiresj,callegacy
2455404.938567,-10.48,1.284682,,hiresj,callegacy
2455407.1367,-8.89,0.97,,hiresj,butler2017
2455407.137439,-17.23,1.085652,,hiresj,callegacy
2455407.137439,-17.23,1.085652,,hiresj,callegacy
2455463.03688,-6.69,1.13,,hiresj,butler2017
2455463.03688,-6.69,1.13,,hiresj,butler2017
2455463.03838,-7.11,1.16,,hiresj,butler2017
2455463.03913,-8.51,1.18,,hiresj,butler2017
2455463.039229,-8.53,1.372112,,hiresj,callegacy
2455463.039958,-8.92,1.415477,,hiresj,callegacy
2455463.039958,-8.92,1.415477,,hiresj,callegacy
2455463.041463,-9.05,1.428082,,hiresj,callegacy
2455463.041463,-9.05,1.428082,,hiresj,callegacy
2455463.86469,-9.92,1.16,,hiresj,butler2017
2455463.86542,-7.07,1.12,,hiresj,butler2017
2455463.86692,-7.4,1.0,,hiresj,butler2017
2455463.86762,-8.19,1.11,,hiresj,butler2017
2455463.867788,-14.57,1.43343,,hiresj,callegacy
2455463.867788,-14.57,1.43343,,hiresj,callegacy
2455463.868517,-15.3,1.419792,,hiresj,callegacy
2455463.8692,-14.9,1.44425,,hiresj,callegacy
2455463.8692,-14.9,1.44425,,hiresj,callegacy
2455463.870717,-13.58,1.386949,,hiresj,callegacy
2455463.871411,-13.74,1.440154,,hiresj,callegacy
2455464.963957,-13.16,1.462441,,hiresj,callegacy
2455464.963957,-16.29,1.01,,hiresj,hirsch2021
2455490.875017,-8.58,1.571575,,hiresj,callegacy
2455490.87502,-12.9031043528,1.094487,,hiresj,howard2016
2455515.97279,-5.89,1.11,,hiresj,butler2017
2455515.97366,-7.98,1.11,,hiresj,butler2017
2455515.97535,-6.28,1.26,,hiresj,butler2017
2455515.975685,-2.02,1.48518,,hiresj,callegacy
2455515.975685,-2.02,1.48518,,hiresj,callegacy
2455515.976553,-5.42,1.547103,,hiresj,callegacy
2455515.977375,-3.97,1.571326,,hiresj,callegacy
2455515.977375,-3.97,1.571326,,hiresj,callegacy
2455515.979122,-0.84,1.507535,,hiresj,callegacy
2455516.79425,-0.89,1.22,,hiresj,butler2017
2455516.79583,-4.97,1.34,,hiresj,butler2017
2455516.79583,-4.97,1.34,,hiresj,butler2017
2455516.797119,-0.51,1.309162,,hiresj,callegacy
2455516.797119,-0.51,1.309162,,hiresj,callegacy
2455516.797964,-3.39,1.376506,,hiresj,callegacy
2455516.798705,-4.69,1.47526,,hiresj,callegacy
2455516.798705,-4.69,1.47526,,hiresj,callegacy
2455516.800186,-4.51,1.33457,,hiresj,callegacy
2455517.9254,0.91,1.11,,hiresj,butler2017
2455517.92615,0.76,1.03,,hiresj,butler2017
2455517.92689,1.23,1.0,,hiresj,butler2017
2455517.928242,0.51,1.374672,,hiresj,callegacy
2455517.928242,0.51,1.374672,,hiresj,callegacy
2455517.928983,1.69,1.433261,,hiresj,callegacy
2455517.929724,1.11,1.461665,,hiresj,callegacy
2455517.929724,1.11,1.461665,,hiresj,callegacy
2455517.930476,1.75,1.414931,,hiresj,callegacy
2455528.835115,1.37,1.448669,,hiresj,callegacy
2455528.83512,-1.44504138765,1.0865935,,hiresj,howard2016
2455542.681005,-3.95,1.479204,,hiresj,callegacy
2455542.681005,-3.95,1.479204,,hiresj,callegacy
2455544.679587,-1.65,1.475813,,hiresj,callegacy
2455544.679587,-1.65,1.475813,,hiresj,callegacy
2455549.705475,-3.01,1.398071,,hiresj,callegacy
2455549.705475,-3.01,1.398071,,hiresj,callegacy
2455549.706517,-0.46,1.317879,,hiresj,callegacy
2455549.706517,-0.46,1.317879,,hiresj,callegacy
2455549.707524,2.32,1.452196,,hiresj,callegacy
2455549.707524,2.32,1.452196,,hiresj,callegacy
2455549.708473,-1.11,1.435462,,hiresj,callegacy
2455549.708473,-1.11,1.435462,,hiresj,callegacy
2455578.740588,2.87,1.459442,,hiresj,callegacy
2455578.74156,-0.33,1.395658,,hiresj,callegacy
2455578.74156,-0.33,1.395658,,hiresj,callegacy
2455578.74259,4.43,1.391984,,hiresj,callegacy
2455578.74259,4.43,1.391984,,hiresj,callegacy
2455578.743782,4.08,1.321982,,hiresj,callegacy
2455578.744997,3.52,1.491088,,hiresj,callegacy
2455579.760169,3.61,1.400231,,hiresj,callegacy
2455579.761072,2.48,1.407448,,hiresj,callegacy
2455579.761072,2.48,1.407448,,hiresj,callegacy
2455579.761929,5.95,1.369149,,hiresj,callegacy
2455579.761929,5.95,1.369149,,hiresj,callegacy
2455579.762785,4.81,1.419798,,hiresj,callegacy
2455579.762785,4.81,1.419798,,hiresj,callegacy
2455579.763676,3.12,1.326213,,hiresj,callegacy
2455579.763676,3.12,1.326213,,hiresj,callegacy
2455610.71042,11.5,4.4,,hiresj,johnson2016hr
2455610.71042,11.5,4.4,,hiresj,johnson2016hr
2455610.71121,0.7,4.4,,hiresj,johnson2016hr
2455610.71282,9.4,4.3,,hiresj,johnson2016hr
2455610.71282,9.4,4.3,,hiresj,johnson2016hr
2455610.71442,9.0,4.4,,hiresj,johnson2016hr
2455610.71521,12.2,4.5,,hiresj,johnson2016hr
2455610.71521,12.2,4.5,,hiresj,johnson2016hr
2455610.71597,14.5,4.5,,hiresj,johnson2016hr
2455610.71765,8.9,4.4,,hiresj,johnson2016hr
2455610.71765,8.9,4.4,,hiresj,johnson2016hr
2455610.71936,5.6,4.5,,hiresj,johnson2016hr
2455610.71936,5.6,4.5,,hiresj,johnson2016hr
2455610.72017,8.7,4.4,,hiresj,johnson2016hr
2455610.72099,3.9,4.4,,hiresj,johnson2016hr
2455732.04759,-5.24261046575,1.0254213,,hiresj,howard2016
2455732.047595,1.57,1.227404,,hiresj,callegacy
2455750.123106,7.18,1.105445,,hiresj,callegacy
2455750.124055,6.87,1.170395,,hiresj,callegacy
2455750.124055,6.87,1.170395,,hiresj,callegacy
2455750.125097,7.34,1.210289,,hiresj,callegacy
2455750.125097,7.34,1.210289,,hiresj,callegacy
2455750.126347,6.57,1.066645,,hiresj,callegacy
2455750.12686,3.51,1.07,,hiresj,butler2017
2455750.978848,5.2,1.200899,,hiresj,callegacy
2455750.980839,2.43,1.228744,,hiresj,callegacy
2455750.98301,0.42,1.18,,hiresj,butler2017
2455752.12926,4.09,1.184516,,hiresj,callegacy
2455752.12926,4.09,1.184516,,hiresj,callegacy
2455752.12966,4.96,1.13,,hiresj,butler2017
2455753.117001,4.34,1.08,,hiresj,hirsch2021
2455753.117001,6.15,1.351056,,hiresj,callegacy
2455753.117001,6.15,1.351056,,hiresj,callegacy
2455767.12836,-4.4,4.3,,hiresj,johnson2016hr
2455767.12915,-1.0,4.0,,hiresj,johnson2016hr
2455768.11703,3.0,4.1,,hiresj,johnson2016hr
2455768.11777,4.8,4.0,,hiresj,johnson2016hr
2455770.09516,-3.91,1.19,,hiresj,butler2017
2455770.09577,-5.93101068362,1.0394093,,hiresj,howard2016
2455770.095772,-2.06,1.226756,,hiresj,callegacy
2455825.85484,-9.18,1.33,,hiresj,butler2017
2455825.8563,-7.75,1.11,,hiresj,butler2017
2455825.85704,-7.06,1.22,,hiresj,butler2017
2455825.85704,-7.06,1.22,,hiresj,butler2017
2455825.857864,-9.35,1.370272,,hiresj,callegacy
2455825.858605,-6.6,1.393452,,hiresj,callegacy
2455825.858605,-6.6,1.393452,,hiresj,callegacy
2455825.859323,-9.12,1.363537,,hiresj,callegacy
2455825.859323,-9.12,1.363537,,hiresj,callegacy
2455825.860064,-8.17,1.351844,,hiresj,callegacy
2455840.02827,0.44,1.44,,hiresj,butler2017
2455840.02827,0.44,1.44,,hiresj,butler2017
2455840.03001,1.31,1.38,,hiresj,butler2017
2455840.030604,8.12,1.598173,,hiresj,callegacy
2455840.030604,8.12,1.598173,,hiresj,callegacy
2455840.03091,2.48,1.48,,hiresj,butler2017
2455840.032421,4.85,1.628381,,hiresj,callegacy
2455840.033289,7.8,1.640316,,hiresj,callegacy
2455840.033289,7.8,1.640316,,hiresj,callegacy
2455840.86591,3.84,1.42,,hiresj,butler2017
2455840.86674,3.03,1.31,,hiresj,butler2017
2455840.86833,3.73,1.32,,hiresj,butler2017
2455840.86833,3.73,1.32,,hiresj,butler2017
2455840.869201,5.94,1.535657,,hiresj,callegacy
2455840.870023,1.52,1.642927,,hiresj,callegacy
2455840.870023,1.52,1.642927,,hiresj,callegacy
2455840.870833,-4.21,1.500724,,hiresj,callegacy
2455840.872418,-1.21,1.516789,,hiresj,callegacy
2455874.98752,-7.04,1.23,,hiresj,butler2017
2455874.98832,-6.5,1.23,,hiresj,butler2017
2455874.98999,-3.85,1.2,,hiresj,butler2017
2455874.990582,-3.85,1.320374,,hiresj,callegacy
2455874.990582,-3.85,1.320374,,hiresj,callegacy
2455874.991381,-2.92,1.379871,,hiresj,callegacy
2455874.992202,-1.58,1.479778,,hiresj,callegacy
2455874.992202,-1.58,1.479778,,hiresj,callegacy
2455874.993857,-1.03,1.472693,,hiresj,callegacy
2455875.81872,-1.26,1.21,,hiresj,butler2017
2455875.81954,-3.31,1.18,,hiresj,butler2017
2455875.82118,-1.15,1.19,,hiresj,butler2017
2455875.821754,3.97,1.361475,,hiresj,callegacy
2455875.821754,3.97,1.361475,,hiresj,callegacy
2455875.822576,0.39,1.453979,,hiresj,callegacy
2455875.822576,0.39,1.453979,,hiresj,callegacy
2455875.823398,2.52,1.415443,,hiresj,callegacy
2455875.82422,4.82,1.540768,,hiresj,callegacy
2455875.82422,4.82,1.540768,,hiresj,callegacy
2455876.852956,4.78,1.47039,,hiresj,callegacy
2455910.78241,5.08,1.1,,hiresj,butler2017
2455910.78315,4.77,1.22,,hiresj,butler2017
2455910.783375,7.28,1.422393,,hiresj,callegacy
2455910.783375,7.28,1.422393,,hiresj,callegacy
2455910.784104,9.0,1.414019,,hiresj,callegacy
2455910.784104,9.0,1.414019,,hiresj,callegacy
2455910.784845,4.81,1.408297,,hiresj,callegacy
2455910.784845,4.81,1.408297,,hiresj,callegacy
2455910.785609,7.51,1.407097,,hiresj,callegacy
2455911.8083,-1.24,1.1,,hiresj,butler2017
2455911.80975,-1.46,1.07,,hiresj,butler2017
2455911.809944,1.72,1.347915,,hiresj,callegacy
2455911.809944,1.72,1.347915,,hiresj,callegacy
2455911.810673,-0.41,1.293554,,hiresj,callegacy
2455911.810673,-0.41,1.293554,,hiresj,callegacy
2455911.81139,0.34,1.31403,,hiresj,callegacy
2455911.81212,1.02,1.352065,,hiresj,callegacy
2455911.81212,1.02,1.352065,,hiresj,callegacy
2455912.85213,-0.16,1.15,,hiresj,butler2017
2455912.85291,0.39,1.17,,hiresj,butler2017
2455912.852969,2.73,1.483354,,hiresj,callegacy
2455912.852969,2.73,1.483354,,hiresj,callegacy
2455912.853721,5.07,1.459526,,hiresj,callegacy
2455912.853721,5.07,1.459526,,hiresj,callegacy
2455912.854497,5.43,1.416677,,hiresj,callegacy
2455912.854497,5.43,1.416677,,hiresj,callegacy
2455912.855284,4.74,1.428326,,hiresj,callegacy
2455912.855284,4.74,1.428326,,hiresj,callegacy
2455934.72404,11.2,3.8,,hiresj,johnson2016hr
2455934.72477,11.7,3.8,,hiresj,johnson2016hr
2455934.72622,12.3,3.9,,hiresj,johnson2016hr
2455934.72622,12.3,3.9,,hiresj,johnson2016hr
2455935.70971,5.0,3.9,,hiresj,johnson2016hr
2455935.70971,5.0,3.9,,hiresj,johnson2016hr
2455936.69569,6.8,3.7,,hiresj,johnson2016hr
2455936.69646,11.7,3.7,,hiresj,johnson2016hr
2455936.69799,8.9,4.1,,hiresj,johnson2016hr
2455936.69799,8.9,4.1,,hiresj,johnson2016hr
2455937.69808,9.3,3.6,,hiresj,johnson2016hr
2455937.69883,16.2,3.6,,hiresj,johnson2016hr
2455937.70033,13.7,3.7,,hiresj,johnson2016hr
2455937.70033,13.7,3.7,,hiresj,johnson2016hr
2456102.132961,-0.34,1.233873,,hiresj,callegacy
2456102.132961,-0.34,1.233873,,hiresj,callegacy
2456114.1019,2.94,1.278163,,hiresj,callegacy
2456114.1019,-0.31,1.05,,hiresj,hirsch2021
2456114.10249,-1.98,1.15,,hiresj,butler2017
2456117.97719,3.59,1.09,,hiresj,butler2017
2456117.9778,6.68,1.212557,,hiresj,callegacy
2456117.9778,6.68,1.212557,,hiresj,callegacy
2456117.978749,7.08,1.13571,,hiresj,callegacy
2456117.978749,7.08,1.13571,,hiresj,callegacy
2456117.979664,4.91,1.198173,,hiresj,callegacy
2456117.979664,4.91,1.198173,,hiresj,callegacy
2456117.980578,7.95,1.144314,,hiresj,callegacy
2456117.98095,4.42,1.17,,hiresj,butler2017
2456148.674064,-18417.84,0.45,,harpsn,bonfanti2020
2456150.665671,-18421.48,0.64,,harpsn,bonfanti2020
2456160.647619,-18417.21,0.49,,harpsn,bonfanti2020
2456162.631819,-18421.3,0.47,,harpsn,bonfanti2020
2456164.094499,-3.29,1.463233,,hiresj,callegacy
2456164.0945,-0.490421331069,1.0740736,,hiresj,howard2016
2456170.000596,8.58,1.54056,,hiresj,callegacy
2456170.000596,8.58,1.54056,,hiresj,callegacy
2456170.002008,6.63,1.586232,,hiresj,callegacy
2456194.993553,0.21,1.616006,,hiresj,callegacy
2456194.993553,0.21,1.616006,,hiresj,callegacy
2456209.968897,-4.96,1.601978,,hiresj,callegacy
2456209.968897,-4.96,1.601978,,hiresj,callegacy
2456245.489213,-18421.57,0.43,,harpsn,bonfanti2020
2456252.416983,-18419.809999999998,0.49,,harpsn,bonfanti2020
2456268.417405,-18411.82,0.49,,harpsn,bonfanti2020
2456434.080003,1.01,1.584153,,hiresj,callegacy
2456434.08079,-0.84,1.648844,,hiresj,callegacy
2456434.08079,-0.84,1.648844,,hiresj,callegacy
2456434.081612,-2.63,1.646738,,hiresj,callegacy
2456434.081612,-2.63,1.646738,,hiresj,callegacy
2456434.082388,-2.29,1.517987,,hiresj,callegacy
2456434.082388,-2.29,1.517987,,hiresj,callegacy
2456434.08272,-6.78,1.27,,hiresj,butler2017
2456434.08433,-7.46,1.38,,hiresj,butler2017
2456434.08433,-7.46,1.38,,hiresj,butler2017
2456469.131688,-2.58,1.204636,,hiresj,callegacy
2456469.131688,-2.98,0.98,,hiresj,hirsch2021
2456474.115082,2.21,1.222151,,hiresj,callegacy
2456474.115082,2.21,1.222151,,hiresj,callegacy
2456474.11596,-1.26,1.2,,hiresj,butler2017
2456482.719016,-18418.079999999998,0.5199999999999999,,harpsn,bonfanti2020
2456490.13745,-2.87,1.125613,,hiresj,callegacy
2456490.13745,-2.87,1.125613,,hiresj,callegacy
2456490.13745,-6.38,1.0,,hiresj,hirsch2021
2456499.733947,-18415.23,0.42000000000000004,,harpsn,bonfanti2020
2456513.128569,0.32,1.2756,,hiresj,callegacy
2456513.128569,-0.5,1.05,,hiresj,hirsch2021
2456514.102347,-1.37,1.347107,,hiresj,callegacy
2456514.102347,-1.37,1.347107,,hiresj,callegacy
2456519.058178,0.97,1.347568,,hiresj,callegacy
2456519.058178,0.97,1.347568,,hiresj,callegacy
2456522.101407,-3.97,1.372116,,hiresj,callegacy
2456522.101407,-3.97,1.372116,,hiresj,callegacy
2456529.835516,-0.42,1.490112,,hiresj,callegacy
2456529.83552,-1.77984261516,1.142679,,hiresj,howard2016
2456533.060111,-5.58,1.06,,hiresj,hirsch2021
2456533.060111,-5.53,1.51294,,hiresj,callegacy
2456548.063455,5.72,1.65288,,hiresj,callegacy
2456548.06346,-0.707918036649,1.2104115,,hiresj,howard2016
2456569.538206,-18420.2,0.44,,harpsn,bonfanti2020
2456588.943278,-6.37,1.578879,,hiresj,callegacy
2456588.94328,-8.98380095993,1.1722854,,hiresj,howard2016
2456596.598842,3.1,2.090741,,apf,callegacy
2456613.80136,-7.9395700088,1.1016384,,hiresj,howard2016
2456613.801364,-4.77,1.527384,,hiresj,callegacy
2456629.601135,-3.66,1.602318,,apf,callegacy
2456631.799291,-4.96,2.82,,apf,hirsch2021
2456632.807509,3.0,1.601838,,apf,callegacy
2456637.71795,3.64,1.506471,,hiresj,callegacy
2456637.71795,3.64,1.506471,,hiresj,callegacy
2456644.788729,21.36,3.21,,apf,hirsch2021
2456670.318993,-18423.850000000002,0.46,,harpsn,bonfanti2020
2456671.309167,-18420.34,0.43,,harpsn,bonfanti2020
2456672.311712,-18422.920000000002,0.49,,harpsn,bonfanti2020
2456674.692579,9.1,1.610327,,hiresj,callegacy
2456674.69258,-2.97090136348,1.2428403,,hiresj,howard2016
2456674.69276,-0.37,1.39,,hiresj,butler2017
2456676.752436,-2.15,1.278919,,hiresj,callegacy
2456676.753177,0.15,1.348427,,hiresj,callegacy
2456676.753177,0.15,1.348427,,hiresj,callegacy
2456676.753906,0.29,1.317927,,hiresj,callegacy
2456676.753906,0.29,1.317927,,hiresj,callegacy
2456676.754658,2.53,1.384802,,hiresj,callegacy
2456676.754658,2.53,1.384802,,hiresj,callegacy
2456676.755399,-0.97,1.312281,,hiresj,callegacy
2456676.755399,-0.97,1.312281,,hiresj,callegacy
2456679.701454,3.08,2.035445,,apf,callegacy
2456689.607452,9.99,1.452431,,apf,callegacy
2456788.935068,3.81,1.93,,apf,hirsch2021
2456796.895271,-1.98,2.26,,apf,hirsch2021
2456800.91361,1.33,2.440137,,apf,callegacy
2456801.927245,1.33,2.44,,apf,hirsch2021
2456805.938493,-3.56,3.060999,,apf,callegacy
2456816.721726,-18420.0,0.4,,harpsn,bonfanti2020
2456816.83519,-3.36,1.444688,,apf,callegacy
2456821.884269,-1.78,1.44,,apf,hirsch2021
2456822.847209,5.11,1.56,,apf,hirsch2021
2456825.840805,-0.25,2.103079,,apf,callegacy
2456830.7166,-18420.82,0.44,,harpsn,bonfanti2020
2456832.715293,-18419.46,0.43,,harpsn,bonfanti2020
2456833.716677,-18422.89,0.44,,harpsn,bonfanti2020
2456834.720539,-18418.27,0.49,,harpsn,bonfanti2020
2456835.871165,-0.8,1.59,,apf,hirsch2021
2456836.711815,-18421.62,0.45,,harpsn,bonfanti2020
2456842.124111,1.37,1.239498,,hiresj,callegacy
2456842.124111,1.37,1.239498,,hiresj,callegacy
2456842.125442,0.12,1.298182,,hiresj,callegacy
2456846.714925,-18421.739999999998,0.41,,harpsn,motalebi2015
2456847.711787,-18419.77,0.41,,harpsn,bonfanti2020
2456848.707549,-18423.05,0.41,,harpsn,bonfanti2020
2456851.723379,-18426.28,0.4,,harpsn,bonfanti2020
2456854.1355,-13.9591430414,0.9289389,,hiresj,howard2016
2456854.135504,-9.8,1.179388,,hiresj,callegacy
2456859.92103,5.4,4.0,,hjst3,johnson2016hj
2456861.039992,-10.28,1.358107,,hiresj,callegacy
2456861.039992,-10.28,1.358107,,hiresj,callegacy
2456861.040802,-6.86,1.290607,,hiresj,callegacy
2456882.104294,-6.31,0.92,,hiresj,hirsch2021
2456882.104294,-2.15,1.357195,,hiresj,callegacy
2456887.754728,-18418.71,0.47,,harpsn,motalebi2015
2456888.666068,-18422.68,0.51,,harpsn,bonfanti2020
2456889.675723,-18423.31,0.64,,harpsn,bonfanti2020
2456889.677332,-18423.99,1.38,,harpsn,bonfanti2020
2456890.621856,-18417.760000000002,0.47,,harpsn,bonfanti2020
2456895.858756,-7.92,1.956767,,apf,callegacy
2456907.047607,-8.09,1.556556,,hiresj,callegacy
2456907.808479,-12.68,1.611225,,hiresj,callegacy
2456908.9472,-7.36,1.521163,,hiresj,callegacy
2456912.808358,1.58,1.573658,,hiresj,callegacy
2456913.802637,0.56,1.541336,,hiresj,callegacy
2456917.847524,-0.35,2.3279,,apf,callegacy
2457000.75522,-11.75,1.525566,,hiresj,callegacy
2457000.75522,-11.75,1.525566,,hiresj,callegacy
2457002.723066,-11.61,1.348468,,hiresj,callegacy
2457002.723749,-8.87,1.448881,,hiresj,callegacy
2457002.723749,-8.87,1.448881,,hiresj,callegacy
2457016.407806,-18427.25,0.42000000000000004,,harpsn,bonfanti2020
2457021.437514,-18422.36,0.47,,harpsn,bonfanti2020
2457026.656202,1.46,2.439323,,apf,callegacy
2457044.337864,-18429.61,0.41,,harpsn,bonfanti2020
2457045.330214,-18424.63,0.41,,harpsn,bonfanti2020
2457046.319184,-18425.97,0.46,,harpsn,bonfanti2020
2457050.63453,-4.77,1.85,,apf,hirsch2021
2457052.657784,3.35,2.38977,,apf,callegacy
2457057.698464,2.03,1.390778,,hiresj,callegacy
2457057.699194,-2.04,1.363506,,hiresj,callegacy
2457057.6999,-0.94,1.310045,,hiresj,callegacy
2457058.700875,-1.96,1.453693,,hiresj,callegacy
2457058.700875,-1.96,1.453693,,hiresj,callegacy
2457058.70165,-0.73,1.463142,,hiresj,callegacy
2457061.700922,-1.91,1.501909,,hiresj,callegacy
2457061.700922,-1.91,1.501909,,hiresj,callegacy
2457138.887084,-8.97,2.17,,apf,hirsch2021
2457140.968011,-6.59,2.457264,,apf,callegacy
2457140.968983,-5.65,2.495352,,apf,callegacy
2457143.960299,-5.98,2.066965,,apf,callegacy
2457158.865715,-4.61,1.792278,,apf,callegacy
2457180.117231,-21.31,1.442073,,hiresj,callegacy
2457180.117231,-21.31,1.442073,,hiresj,callegacy
2457184.696638,-18421.06,0.42000000000000004,,harpsn,bonfanti2020
2457185.713283,-18428.13,0.39,,harpsn,bonfanti2020
2457189.790509,-8.58,1.922812,,apf,callegacy
2457191.822752,-10.46,2.320303,,apf,callegacy
2457191.823793,-11.58,2.063319,,apf,callegacy
2457193.710611,-18422.87,0.37,,harpsn,bonfanti2020
2457193.784738,-6.22,1.834507,,apf,callegacy
2457195.715587,-18427.489999999998,0.42000000000000004,,harpsn,bonfanti2020
2457201.129117,-11.47,1.117401,,hiresj,callegacy
2457201.130378,-10.43,1.148883,,hiresj,callegacy
2457202.130617,-2.49,1.184944,,hiresj,callegacy
2457202.131567,-5.73,1.150275,,hiresj,callegacy
2457202.131567,-5.73,1.150275,,hiresj,callegacy
2457202.727224,-3.17,1.79,,apf,hirsch2021
2457208.129789,0.7,1.304254,,hiresj,callegacy
2457208.131189,-3.42,1.190474,,hiresj,callegacy
2457217.976963,-8.34,2.450809,,apf,callegacy
2457217.976963,-8.34,2.450809,,apf,callegacy
2457218.991013,-6.2,2.329444,,apf,callegacy
2457218.991928,-11.36,2.212311,,apf,callegacy
2457220.883273,-2.52,2.253977,,apf,callegacy
2457220.884246,-6.4,2.281298,,apf,callegacy
2457221.991334,0.74,2.521776,,apf,callegacy
2457221.991334,0.74,2.521776,,apf,callegacy
2457222.965637,-6.26,2.116898,,apf,callegacy
2457222.966748,-6.99,2.174378,,apf,callegacy
2457227.933394,-4.57,2.550444,,apf,callegacy
2457227.933394,-4.57,2.550444,,apf,callegacy
2457229.971576,-4.74,2.391658,,apf,callegacy
2457229.971576,-4.74,2.391658,,apf,callegacy
2457232.945202,-9.01,2.446418,,apf,callegacy
2457232.945202,-9.01,2.446418,,apf,callegacy
2457233.934423,-5.29,2.407143,,apf,callegacy
2457234.11287,-2.01,1.025648,,hiresj,callegacy
2457234.11287,-2.01,1.025648,,hiresj,callegacy
2457237.122063,-7.57,1.140389,,hiresj,callegacy
2457237.12329,-5.59,1.340723,,hiresj,callegacy
2457238.947243,-9.96,2.18392,,apf,callegacy
2457240.109435,-3.69,1.136663,,hiresj,callegacy
2457241.115554,-11.75,1.100096,,hiresj,callegacy
2457241.116179,-11.36,1.156101,,hiresj,callegacy
2457241.116179,-11.36,1.156101,,hiresj,callegacy
2457243.103043,-2.69,1.270709,,hiresj,callegacy
2457243.103043,-2.69,1.270709,,hiresj,callegacy
2457243.911847,-7.9,1.753586,,apf,callegacy
2457245.801424,-6.25,1.632525,,apf,callegacy
2457247.931163,-10.28,2.068249,,apf,callegacy
2457247.9321,-6.65,2.116211,,apf,callegacy
2457249.913311,1.13,2.336128,,apf,callegacy
2457249.914202,-7.0,2.347889,,apf,callegacy
2457252.897451,-2.09,2.91863,,apf,callegacy
2457252.899303,-2.75,2.620033,,apf,callegacy
2457256.88279,2.31,2.334489,,apf,callegacy
2457256.88279,2.31,2.334489,,apf,callegacy
2457258.885532,-6.05,2.605573,,apf,callegacy
2457258.886446,-12.54,2.677991,,apf,callegacy
2457260.874729,-4.47,2.136576,,apf,callegacy
2457260.875724,-7.63,2.217808,,apf,callegacy
2457262.879353,-5.54,2.627224,,apf,callegacy
2457262.879353,-5.54,2.627224,,apf,callegacy
2457267.85642,-10.61,2.690086,,apf,callegacy
2457267.85642,-10.61,2.690086,,apf,callegacy
2457267.857323,-5.65,2.533012,,apf,callegacy
2457271.826664,-7.53,2.188896,,apf,callegacy
2457271.827647,-7.36,2.159645,,apf,callegacy
2457285.751991,-5.28,1.650803,,hiresj,callegacy
2457285.751991,-5.28,1.650803,,hiresj,callegacy
2457290.808751,-16.15,1.614201,,hiresj,callegacy
2457290.809376,-14.5,1.585107,,hiresj,callegacy
2457306.063459,-8.38,2.144412,,apf,callegacy
2457306.065334,-6.12,2.248305,,apf,callegacy
2457309.067535,-4.66,2.44,,apf,hirsch2021
2457332.661488,-10.14,3.026795,,apf,callegacy
2457332.66231,-11.69,3.513881,,apf,callegacy
2457339.833125,-5.52,1.515725,,hiresj,callegacy
2457339.834086,-5.51,1.511266,,hiresj,callegacy
2457339.835023,-1.77,1.523152,,hiresj,callegacy
2457340.676806,-10.82,2.168829,,apf,callegacy
2457340.677778,-8.58,2.115044,,apf,callegacy
2457354.634474,-5.87,1.850257,,apf,callegacy
2457361.690765,-10.22,1.77,,apf,hirsch2021
2457560.850618,-11.14,2.07,,apf,hirsch2021
2457567.836174,1.66,1.86,,apf,hirsch2021
2457576.757304,-1.01,1.754412,,apf,callegacy
2457581.958557,-1.09,1.572344,,apf,callegacy
2457582.116078,-4.32,1.223936,,hiresj,callegacy
2457582.117339,-7.07,1.157372,,hiresj,callegacy
2457582.970108,0.07,1.81,,apf,hirsch2021
2457583.131575,-6.33,1.252871,,hiresj,callegacy
2457583.132802,-3.44,1.288451,,hiresj,callegacy
2457584.12581,-4.83,1.067649,,hiresj,callegacy
2457584.126412,-5.27,1.194583,,hiresj,callegacy
2457584.127037,-4.21,1.245366,,hiresj,callegacy
2457584.97198,-5.37,2.15179,,apf,callegacy
2457586.971029,2.01,1.53,,apf,hirsch2021
2457587.969384,-0.75,1.98,,apf,hirsch2021
2457588.991201,-4.08,2.02,,apf,hirsch2021
2457591.968267,-4.52,1.541095,,apf,callegacy
2457593.967303,-2.73,1.674707,,apf,callegacy
2457603.951986,-11.19,1.773231,,apf,callegacy
2457605.921895,-6.4,1.34,,apf,hirsch2021
2457608.938293,-10.56,1.552212,,apf,callegacy
2457610.909472,-5.82,1.753214,,apf,callegacy
2457613.864878,-3.49,1.64,,apf,hirsch2021
2457616.910295,-3.46,2.3,,apf,hirsch2021
2457617.873085,0.5,1.74,,apf,hirsch2021
2457618.894454,-4.48,1.63036,,apf,callegacy
2457625.875806,2.32,1.74,,apf,hirsch2021
2457627.960491,0.21,1.62,,apf,hirsch2021
2457628.869094,2.91,1.74,,apf,hirsch2021
2457629.849899,2.01,1.662337,,apf,callegacy
2457632.86038,2.17,1.7,,apf,hirsch2021
2457633.836865,-1.71,1.69708,,hiresj,callegacy
2457633.837676,1.11,1.551808,,hiresj,callegacy
2457633.838405,0.41,1.812394,,hiresj,callegacy
2457633.851692,1.04,1.742179,,apf,callegacy
2457635.836178,-0.69,1.813428,,apf,callegacy
2457637.86043,-5.34,1.68,,apf,hirsch2021
2457641.809374,-0.59,2.453713,,apf,callegacy
2457643.843375,-6.76,1.66124,,apf,callegacy
2457647.800124,-2.85,1.78,,apf,hirsch2021
2457648.842062,-2.28,1.6,,apf,hirsch2021
2457649.799611,-10.83,1.79,,apf,hirsch2021
2457651.819836,-11.49,1.512414,,hiresj,callegacy
2457651.820461,-11.28,1.384604,,hiresj,callegacy
2457668.663405,-0.52,2.05,,apf,hirsch2021
2457669.656191,-0.82,1.94,,apf,hirsch2021
2457670.627841,2.04,2.193481,,apf,callegacy
2457674.870384,-2.6,2.13,,apf,hirsch2021
2457684.608244,-6.41,1.660562,,apf,callegacy
2457685.670366,-1.19,2.49,,apf,hirsch2021
2457687.629179,-5.92,1.86,,apf,hirsch2021
2457694.943557,-4.07,1.671066,,apf,callegacy
2457696.71628,-8.12,1.952702,,apf,callegacy
2457698.703381,-8.61,1.7,,apf,hirsch2021
2457702.689772,-12.24,2.15,,apf,hirsch2021
2457705.576839,-10.21,2.112914,,apf,callegacy
2457707.62891,-4.19,1.83079,,apf,callegacy
2457717.637385,-6.34,1.642223,,apf,callegacy
2457722.678262,3.01,1.7,,apf,hirsch2021
2457727.643292,-3.42,1.670206,,apf,callegacy
2457745.689092,-10.67,2.052313,,apf,callegacy
2457749.691973,-6.57,2.09,,apf,hirsch2021
2457751.652373,-1.63,2.151679,,apf,callegacy
2457753.702592,0.73,1.71,,apf,hirsch2021
2457783.678681,4.17,1.76,,apf,hirsch2021
2457796.651825,5.16,1.934698,,apf,callegacy
2457849.00623,-1.46,3.113292,,apf,callegacy
2457853.963859,-2.0,1.82,,apf,hirsch2021
2457858.918666,1.87,2.440445,,apf,callegacy
2457865.945964,2.14,1.8,,apf,hirsch2021
2457872.895264,0.43,1.940718,,apf,callegacy
2457875.952801,-4.45,2.1,,apf,hirsch2021
2457877.942836,1.91,2.2,,apf,hirsch2021
2457881.885268,-9.4,2.06,,apf,hirsch2021
2457893.861305,-6.17,1.664056,,apf,callegacy
2457894.879185,-3.03,2.09,,apf,hirsch2021
2457897.837528,0.58,1.800465,,apf,callegacy
2457901.864159,-1.11,1.84,,apf,hirsch2021
2457909.774798,0.16,1.740365,,apf,callegacy
2457911.781414,6.71,1.76,,apf,hirsch2021
2457913.122065,-2.11,1.422218,,hiresj,callegacy
2457913.12335,-3.04,1.470019,,hiresj,callegacy
2457917.824867,2.19,1.56,,apf,hirsch2021
2457918.833481,1.01,1.673481,,apf,callegacy
2457919.832384,-3.28,1.773396,,apf,callegacy
2457927.750843,-6.26,1.78,,apf,hirsch2021
2457931.801822,-8.82,1.65,,apf,hirsch2021
2457933.802636,-5.11,1.472136,,apf,callegacy
2457934.06331,-8.13,1.175688,,hiresj,callegacy
2457934.06456,-7.73,1.241402,,hiresj,callegacy
2457934.06456,-7.73,1.241402,,hiresj,callegacy
2457934.065185,-7.01,1.13996,,hiresj,callegacy
2457934.065811,-6.49,1.130614,,hiresj,callegacy
2457934.067049,-9.6,1.140165,,hiresj,callegacy
2457934.067674,-10.8,1.20396,,hiresj,callegacy
2457934.067674,-10.8,1.20396,,hiresj,callegacy
2457934.068288,-6.27,1.201608,,hiresj,callegacy
2457934.068913,-11.96,1.124029,,hiresj,callegacy
2457934.069526,-8.56,1.111962,,hiresj,callegacy
2457934.070139,-9.49,1.087885,,hiresj,callegacy
2457934.07139,-8.83,1.050603,,hiresj,callegacy
2457934.072026,-9.24,1.124103,,hiresj,callegacy
2457934.072026,-9.24,1.124103,,hiresj,callegacy
2457934.07264,-9.31,1.123253,,hiresj,callegacy
2457934.073253,-8.89,1.055369,,hiresj,callegacy
2457934.074457,-10.68,1.116039,,hiresj,callegacy
2457934.07507,-11.99,1.124198,,hiresj,callegacy
2457934.075695,-10.31,1.143809,,hiresj,callegacy
2457934.076297,-10.01,1.172968,,hiresj,callegacy
2457934.076297,-10.01,1.172968,,hiresj,callegacy
2457934.077524,-9.08,1.051044,,hiresj,callegacy
2457934.078138,-11.1,1.078701,,hiresj,callegacy
2457934.078786,-8.87,1.103194,,hiresj,callegacy
2457934.079399,-9.28,1.106855,,hiresj,callegacy
2457934.079399,-9.28,1.106855,,hiresj,callegacy
2457934.080626,-9.84,1.165127,,hiresj,callegacy
2457934.080626,-9.84,1.165127,,hiresj,callegacy
2457934.081865,-11.88,1.212493,,hiresj,callegacy
2457934.081865,-11.88,1.212493,,hiresj,callegacy
2457934.082478,-9.08,1.189307,,hiresj,callegacy
2457934.083068,-10.04,1.093374,,hiresj,callegacy
2457934.083693,-7.39,1.073586,,hiresj,callegacy
2457934.08492,-6.92,1.093352,,hiresj,callegacy
2457934.085545,-8.26,1.099322,,hiresj,callegacy
2457934.086159,-6.22,1.173983,,hiresj,callegacy
2457934.086159,-6.22,1.173983,,hiresj,callegacy
2457934.087386,-11.97,1.106998,,hiresj,callegacy
2457934.087999,-7.19,1.116561,,hiresj,callegacy
2457934.088601,-9.23,1.139497,,hiresj,callegacy
2457934.089215,-6.95,1.142962,,hiresj,callegacy
2457934.089828,-11.3,1.183585,,hiresj,callegacy
2457934.089828,-11.3,1.183585,,hiresj,callegacy
2457934.091078,-6.41,1.180484,,hiresj,callegacy
2457934.091078,-6.41,1.180484,,hiresj,callegacy
2457934.091692,-10.76,1.151255,,hiresj,callegacy
2457934.092293,-8.99,1.072231,,hiresj,callegacy
2457934.093555,-8.0,1.196184,,hiresj,callegacy
2457934.093555,-8.0,1.196184,,hiresj,callegacy
2457934.094794,-9.69,1.125082,,hiresj,callegacy
2457934.095407,-9.93,1.13285,,hiresj,callegacy
2457934.095407,-9.93,1.13285,,hiresj,callegacy
2457934.096669,-10.52,1.10571,,hiresj,callegacy
2457934.097271,-8.31,1.11817,,hiresj,callegacy
2457934.097896,-9.41,1.152069,,hiresj,callegacy
2457934.098521,-6.17,1.171403,,hiresj,callegacy
2457934.098521,-6.17,1.171403,,hiresj,callegacy
2457934.099771,-8.44,1.177723,,hiresj,callegacy
2457934.100407,-6.17,1.213002,,hiresj,callegacy
2457934.100407,-6.17,1.213002,,hiresj,callegacy
2457934.101021,-10.01,1.107823,,hiresj,callegacy
2457934.102236,-13.48,1.101012,,hiresj,callegacy
2457934.102236,-13.48,1.101012,,hiresj,callegacy
2457934.102861,-8.63,1.100309,,hiresj,callegacy
2457937.996721,-3.58,1.84,,apf,hirsch2021
2457941.748064,1.06,1.82,,apf,hirsch2021
2457961.923496,-3.27,2.52,,apf,hirsch2021
2457962.944409,0.45,2.042339,,apf,callegacy
2457964.928316,6.64,2.13,,apf,hirsch2021
2457966.951586,5.22,1.972534,,apf,callegacy
2457971.962805,-4.58,1.88,,apf,hirsch2021
2457972.926421,-6.05,1.82,,apf,hirsch2021
2457987.893218,2.45,1.841552,,apf,callegacy
2457990.87892,1.14,1.461447,,apf,callegacy
2457991.782293,3.86,1.791349,,apf,callegacy
2457992.779084,7.56,1.75,,apf,hirsch2021
2457994.022782,2.27,1.577422,,hiresj,callegacy
2457994.024067,-3.49,1.516804,,hiresj,callegacy
2457995.855683,3.47,2.244925,,apf,callegacy
2457996.855631,2.9,2.06,,apf,hirsch2021
2458004.787735,2.94,1.914753,,apf,callegacy
2458007.809364,8.88,2.58,,apf,hirsch2021
2458009.844462,8.49,2.38464,,apf,callegacy
2458010.807049,11.05,2.0,,apf,hirsch2021
2458011.773883,9.55,1.8,,apf,hirsch2021
2458012.803184,8.13,2.4,,apf,hirsch2021
2458024.618652,-4.16,2.24,,apf,hirsch2021
2458025.722815,-1.69,1.8,,apf,hirsch2021
2458027.87455,-0.39,1.86439,,apf,callegacy
2458041.667482,7.61,2.46,,apf,hirsch2021
2458042.708941,1.93,2.292286,,apf,callegacy
2458088.613523,5.53,2.454204,,apf,callegacy
2458094.629903,4.32,2.31061,,apf,callegacy
2458096.679958,7.98,1.521422,,hiresj,callegacy
2458096.680687,7.17,1.492729,,hiresj,callegacy
2458115.664121,5.07,1.962663,,apf,callegacy
2458131.680512,5.77,1.780903,,apf,callegacy
2458155.655811,3.47,1.811698,,apf,callegacy
2458159.609756,2.91,1.773735,,apf,callegacy
2458205.994729,2.53,2.03,,apf,hirsch2021
2458208.009431,1.71,2.511505,,apf,callegacy
2458230.89294,9.27,1.90317,,apf,callegacy
2458233.96306,9.42,2.25,,apf,hirsch2021
2458240.865318,2.57,2.111599,,apf,callegacy
2458241.919491,8.82,2.123289,,apf,callegacy
2458247.914637,0.27,2.1,,apf,hirsch2021
2458248.882334,4.77,1.87,,apf,hirsch2021
2458250.853436,-4.12,2.29,,apf,hirsch2021
2458253.886944,-1.52,1.892483,,apf,callegacy
2458256.840411,2.79,1.954071,,apf,callegacy
2458260.797321,4.47,2.293765,,apf,callegacy
2458261.875726,1.64,2.142867,,apf,callegacy
2458267.859801,5.66,1.81,,apf,hirsch2021
2458270.789051,4.81,2.064385,,apf,callegacy
2458283.847219,7.23,2.15,,apf,hirsch2021
2458285.795625,6.16,2.31,,apf,hirsch2021
2458288.812108,3.98,1.720813,,apf,callegacy
2458289.780409,3.12,2.34,,apf,hirsch2021
2458291.754018,5.47,1.601962,,apf,callegacy
2458294.794062,3.55,2.302543,,apf,callegacy
2458302.059421,0.64,1.221029,,hiresj,callegacy
2458304.797964,6.97,1.633765,,apf,callegacy
2458307.785747,3.78,1.754024,,apf,callegacy
2458323.950225,11.39,2.084192,,apf,callegacy
2458326.954537,5.28,2.2,,apf,hirsch2021
2458329.978674,5.4,1.482584,,apf,callegacy
2458330.935984,5.29,2.08,,apf,hirsch2021
2458332.031831,11.98,1.265645,,hiresj,callegacy
2458332.973538,3.38,1.580879,,apf,callegacy
2458342.954528,-4.96,1.75,,apf,hirsch2021
2458346.923766,7.74,2.00751,,hiresj,callegacy
2458356.875711,6.46,1.971232,,apf,callegacy
2458368.819683,10.63,2.11,,apf,hirsch2021
2458372.793568,13.06,1.75,,apf,hirsch2021
2458376.861494,8.89,2.04,,apf,hirsch2021
2458378.869491,8.86,2.082111,,apf,callegacy
2458379.842585,5.52,2.09,,apf,hirsch2021
2458387.666539,8.51,1.77,,apf,hirsch2021
2458389.754507,2.48,1.931521,,apf,callegacy
2458395.933151,4.08,1.463551,,hiresj,callegacy
2458395.933823,4.19,1.463046,,hiresj,callegacy
2458395.933823,4.19,1.463046,,hiresj,callegacy
2458398.686028,7.5,1.86,,apf,hirsch2021
2458399.648872,13.19,2.563285,,apf,callegacy
2458400.653266,6.19,2.01,,apf,hirsch2021
2458405.636427,3.72,2.02,,apf,hirsch2021
2458410.681842,5.7,2.1,,apf,hirsch2021
2458418.690909,16.77,2.24,,apf,hirsch2021
2458425.589215,6.4,1.92,,apf,hirsch2021
2458448.68998,1.06,2.461199,,apf,callegacy
2458488.624944,3.95,2.510796,,apf,callegacy
2458491.762551,2.56,1.415737,,hiresj,callegacy
2458491.762551,2.56,1.415737,,hiresj,callegacy
2458586.963667,0.65,2.465308,,apf,callegacy
2458605.988753,6.03,3.58921,,apf,callegacy
2458605.988753,6.03,3.58921,,apf,callegacy
2458605.989552,4.4,3.0838,,apf,callegacy
2458647.127217,1.43,1.437127,,hiresj,callegacy
2458647.127877,6.67,1.393589,,hiresj,callegacy
2458649.107243,7.8,1.36228,,hiresj,callegacy
2458649.107243,7.8,1.36228,,hiresj,callegacy
2458649.10862,1.66,1.468563,,hiresj,callegacy
2458660.986473,5.7,3.140908,,apf,callegacy
2458676.799917,-3.3,2.193205,,apf,callegacy
2458677.883254,-9.58,1.771895,,apf,callegacy
2458686.802463,0.16,2.816678,,apf,callegacy
2458688.800133,1.86,1.752353,,apf,callegacy
2458690.798428,2.92,2.342726,,apf,callegacy
2458796.898722,9.4,1.814986,,hiresj,callegacy
2458796.898722,9.4,1.814986,,hiresj,callegacy
2458800.78293,10.05,3.21347,,apf,callegacy
2458800.783845,-4.82,2.990534,,apf,callegacy
2458800.784817,4.47,2.844475,,apf,callegacy
2458869.697412,-2.26,1.497289,,hiresj,callegacy
2458869.697412,-2.26,1.497289,,hiresj,callegacy
2458878.707519,5.03,1.425581,,hiresj,callegacy
2458879.702602,8.0,1.384165,,hiresj,callegacy
2458879.702602,8.0,1.384165,,hiresj,callegacy
